year,precipitation index,precipitation value,election year,ACLED,UCDP,NRT
1989,medium,781.3,0,,3,
1990,medium,770.07,0,,1,
1991,low,613.4,0,,2,
1992,low,650.04,1,,26,
1993,low,639.1,0,,18,
1994,medium,737.22,0,,13,
1995,low,663.84,0,,4,
1996,low,540.9,0,,9,
1997,high,997.11,1,142,11,
1998,medium,732.06,0,180,15,
1999,low,613.37,0,193,8,
2000,low,498.47,0,190,16,
2001,low,638.27,0,165,8,
2002,high,814.68,1,211,5,
2003,low,650.38,0,165,2,
2004,low,658.37,0,148,4,
2005,low,545.12,0,159,29,
2006,medium,795.55,0,140,22,
2007,medium,716.54,1,420,52,
2008,low,687.87,0,453,117,
2009,low,683.22,0,141,25,
2010,low,675.68,0,162,28,
2011,low,648.39,0,156,26,
2012,high,816.95,0,380,71,
2013,medium,768.46,1,660,49,
2014,low,627.26,0,469,85,
2015,high,808.21,0,327,42,
2016,medium,712.25,0,290,48,
2017,high,1058.67,1,943,107,
2018,high,835.23,0,642,69,27
2019,high,1146.11,0,479,51,44
2020,medium,808.83,0,582,65,187
2021,high,1029.11,0,636,54,448
2022,high,934.09,1,1851,31,247
2023,,,,,,