WDPAID,WDPA_PID,NAME,ORIG_NAME,DESIG,DESIG_ENG,DESIG_TYPE,IUCN_CAT,STATUS,STATUS_YR,GOV_TYPE,OWN_TYPE,area_sqkm,pastoral_conflicts,pastoral_per_100_sqkm
752,752,Tsavo East,Tsavo East,National Park,National Park,National,II,Designated,1948,Federal or national ministry or agency,State,13370.282923228891,0,0
753,753,Marsabit,Marsabit,National Reserve,National Reserve,National,Not Reported,Proposed,1967,Federal or national ministry or agency,State,1384.0240945310065,2,0.1445061547629866
754,754,Sibiloi,Sibiloi,National Park,National Park,National,II,Designated,1973,Federal or national ministry or agency,State,1544.6200718952668,0,0
755,755,Meru,Meru,National Park,National Park,National,II,Designated,1966,Federal or national ministry or agency,State,870.7997250495094,0,0
756,756,Aberdare,Aberdare,National Park,National Park,National,II,Designated,1950,Federal or national ministry or agency,State,772.9727937230899,0,0
757,757,Mt. Kenya,Mt. Kenya,National Park,National Park,National,Not Reported,Designated,1968,Federal or national ministry or agency,State,593.5214641134273,0,0
758,758,Amboseli,Amboseli,National Park,National Park,National,II,Designated,1974,Federal or national ministry or agency,State,387.5000588512908,0,0
759,759,Shimba Hills,Shimba Hills,National Reserve,National Reserve,National,II,Designated,1968,Federal or national ministry or agency,State,193.34598241353135,0,0
760,760,Mt. Elgon,Mt. Elgon,National Park,National Park,National,II,Designated,1968,Federal or national ministry or agency,State,158.77408329202746,0,0
761,761_B,Nairobi,Nairobi,National Park,National Park,National,Not Reported,Designated,2020,Not Reported,Not Reported,126.01467378168165,0,0
762,762,Lake Nakuru,Lake Nakuru,National Park,National Park,National,II,Designated,1968,Federal or national ministry or agency,State,190.69732874262425,0,0
763,763,Kisite,Kisite,Marine National Park,Marine National Park,National,II,Designated,1978,Federal or national ministry or agency,State,27.776826657186785,0,0
764,764,Ol Donyo Sabuk,Ol Donyo Sabuk,National Park,National Park,National,II,Designated,1967,Federal or national ministry or agency,State,20.58825802468502,0,0
765,765,Malindi,Malindi,Marine National Park,Marine National Park,National,II,Designated,1968,Federal or national ministry or agency,State,6.838599971698178,0,0
1297,1297,Masai Mara,Masai Mara,National Reserve,National Reserve,National,II,Designated,1974,Federal or national ministry or agency,State,1516.8832442549187,0,0
2295,2295,Buffalo Springs,Buffalo Springs,National Reserve,National Reserve,National,II,Designated,1985,Federal or national ministry or agency,State,130.0595746062212,5,3.844392091192364
2296,2296,Ruma,Ruma,National Park,National Park,National,II,Designated,1983,Federal or national ministry or agency,State,121.34205608508935,0,0
2298,2298,Samburu,Samburu,National Reserve,National Reserve,National,II,Designated,1985,Federal or national ministry or agency,State,165.0877016382129,0,0
2299,2299,Tana River Primate,Tana River Primate,National Reserve,National Reserve,National,II,Designated,1976,Federal or national ministry or agency,State,170.074383004556,0,0
2300,2300,Lake Bogoria,Lake Bogoria,National Reserve,National Reserve,National,II,Designated,1970,Federal or national ministry or agency,State,107.35348137803668,0,0
2415,2415,Losai,Losai,National Reserve,National Reserve,National,VI,Designated,1976,Federal or national ministry or agency,State,1805.2988070669796,0,0
2416,2416,Kora,Kora,National Park,National Park,National,II,Designated,1989,Federal or national ministry or agency,State,1788.8440019084308,0,0
2417,2417,Boni,Boni,National Reserve,National Reserve,National,Not Reported,Designated,1976,Federal or national ministry or agency,State,1340.7268232985973,2,0.1491728191936512
2418,2418,Rahole,Rahole,National Reserve,National Reserve,National,VI,Designated,1976,Federal or national ministry or agency,State,1269.3764482745235,0,0
2419,2419,South Turkana,South Turkana,National Reserve,National Reserve,National,II,Designated,1979,Federal or national ministry or agency,State,1088.227677375985,0,0
2422,2422,Bisandi,Bisandi,National Reserve,National Reserve,National,VI,Designated,1979,Federal or national ministry or agency,State,606.3947422154365,0,0
2423,2423,Arawale,Arawale,National Reserve,National Reserve,National,VI,Designated,1974,Federal or national ministry or agency,State,626.9650451739928,0,0
2427,2427,Shaba,Shaba,National Reserve,National Reserve,National,II,Designated,1974,Federal or national ministry or agency,State,239.62999311484074,0,0
2433,2433,Mwea,Mwea,National Reserve,National Reserve,National,VI,Designated,1976,Federal or national ministry or agency,State,68.1574757115685,0,0
2590,2590,South Kitui,South Kitui,National Reserve,National Reserve,National,VI,Designated,1979,Federal or national ministry or agency,State,1826.840634335835,0,0
2591,2591,Dodori,Dodori,National Reserve,National Reserve,National,Not Reported,Designated,1976,Federal or national ministry or agency,State,875.2531306886823,0,0
2595,2595,Ngai Ndethia,Ngai Ndethia,National Reserve,National Reserve,National,VI,Designated,1976,Federal or national ministry or agency,State,215.76448059535733,0,0
2596,2596,Nasolot,Nasolot,National Reserve,National Reserve,National,II,Designated,1979,Federal or national ministry or agency,State,92.11450048076627,2,2.1712108186675834
2597,2597,Saiwa Swamp,Saiwa Swamp,National Park,National Park,National,II,Designated,1974,Federal or national ministry or agency,State,2.704499484128627,0,0
3038,3038,Kiunga Marine Conservancy,Kiunga Marine Conservancy,Community Nature Reserve,Community Nature Reserve,National,Not Reported,Not Reported,2010,Indigenous peoples,Not Reported,287.93116683751316,0,0
7408,7408,Taita Hills,Taita Hills,Wildlife Sanctuary,Wildlife Sanctuary,National,Not Reported,Designated,1973,Non-profit organisations,Not Reported,108.5639320993012,0,0
7420,7420,Kakamega,Kakamega,National Reserve,National Reserve,National,Not Reported,Designated,1985,Federal or national ministry or agency,State,44.27833720189438,0,0
7422,7422,Arabuko Sokoke,Arabuko Sokoke,Forest Reserve,Forest Reserve,National,Not Reported,Designated,1943,Not Reported,Not Reported,368.16841615980076,0,0
7423,7423,Diani Chale Marine,Diani Chale Marine,Marine National Reserve,Marine National Reserve,National,VI,Designated,1995,Federal or national ministry or agency,State,77.48460289295011,0,0
7506,7506,Hell's Gate,Hell's Gate,National Park,National Park,National,II,Designated,1984,Federal or national ministry or agency,State,68.26226267578133,0,0
7542,7542,Bahati,Bahati,Forest Reserve,Forest Reserve,National,Not Reported,Designated,1932,Not Reported,Not Reported,112.12103108125928,0,0
7543,7543,Buda,Buda,Forest Reserve,Forest Reserve,National,Not Reported,Designated,1932,Not Reported,Not Reported,6.25840964166264,0,0
7544,7544,Bunyala,Bunyala,Forest Reserve,Forest Reserve,National,Not Reported,Designated,1956,Not Reported,Not Reported,10.27729641358491,0,0
7546,7546,Cheboit,Cheboit,Forest Reserve,Forest Reserve,National,Not Reported,Proposed,0,Not Reported,Not Reported,24.98003028510706,0,0
7547,7547,Chemorogok,Chemorogok,Forest Reserve,Forest Reserve,National,Not Reported,Designated,1949,Not Reported,Not Reported,111.60098413185459,0,0
7548,7548,Chemurokoi,Chemurokoi,Forest Reserve,Forest Reserve,National,Not Reported,Designated,1941,Not Reported,Not Reported,38.5524751977225,0,0
7549,7549,Chepalungu,Chepalungu,Forest Reserve,Forest Reserve,National,Not Reported,Designated,1956,Not Reported,Not Reported,50.187032852689825,0,0
7552,7552,Dagoretti,Dagoretti,Forest Reserve,Forest Reserve,National,Not Reported,Designated,1938,Not Reported,Not Reported,8.496485272724064,0,0
7555,7555,Eburu,Eburu,Forest Reserve,Forest Reserve,National,Not Reported,Designated,1932,Not Reported,Not Reported,81.64138804583962,0,0
7557,7557,Embakasi,Embakasi,Forest Reserve,Forest Reserve,National,Not Reported,Designated,1941,Not Reported,Not Reported,6.4654813117063625,0,0
7558,7558,Embobut,Embobut,Forest Reserve,Forest Reserve,National,Not Reported,Designated,1954,Not Reported,Not Reported,200.27438154132662,7,3.4952049014594264
7560,7560,Gogoni,Gogoni,Forest Reserve,Forest Reserve,National,Not Reported,Designated,1932,Not Reported,Not Reported,7.827409669315451,0,0
7561,7561,Gonja,Gonja,Forest Reserve,Forest Reserve,National,Not Reported,Designated,1961,Not Reported,Not Reported,3.1235180278624153,0,0
7564,7564,Jombo,Jombo,Forest Reserve,Forest Reserve,National,Not Reported,Designated,1941,Not Reported,Not Reported,3.677915632084356,0,0
7565,7565,Kabarak,Kabarak,Forest Reserve,Forest Reserve,National,Not Reported,Designated,1962,Not Reported,Not Reported,14.632256515446894,0,0
7567,7567,Kaisungor,Kaisungor,Forest Reserve,Forest Reserve,National,Not Reported,Designated,1941,Not Reported,Not Reported,10.950061028885719,0,0
7570,7570,Kamiti,Kamiti,Forest Reserve,Forest Reserve,National,Not Reported,Designated,1933,Not Reported,Not Reported,2.1151665805647846,0,0
7572,7572,Kapchemutwa,Kapchemutwa,Forest Reserve,Forest Reserve,National,Not Reported,Designated,1941,Not Reported,Not Reported,92.34231871681398,0,0
7574,7574,Kapkanyar,Kapkanyar,Forest Reserve,Forest Reserve,National,Not Reported,Designated,1967,Not Reported,Not Reported,70.13332320593928,0,0
7575,7575,Kapolet,Kapolet,Forest Reserve,Forest Reserve,National,Not Reported,Designated,1941,Not Reported,Not Reported,13.453751148503015,0,0
7576,7576,Kapsaret,Kapsaret,Forest Reserve,Forest Reserve,National,Not Reported,Designated,1932,Not Reported,Not Reported,12.889869913953655,0,0
7577,7577,Kaptagat,Kaptagat,Forest Reserve,Forest Reserve,National,Not Reported,Designated,1941,Not Reported,Not Reported,117.61967347433969,0,0
7581,7581,Karura,Karura,Forest Reserve,Forest Reserve,National,Not Reported,Designated,1932,Not Reported,Not Reported,9.592069516098574,0,0
7582,7582,Kasigau,Kasigau,Forest Reserve,Forest Reserve,National,Not Reported,Designated,1941,Not Reported,Not Reported,8.737598105617506,0,0
7583,7583,Katende,Katende,Forest Reserve,Forest Reserve,National,Not Reported,Designated,1960,Not Reported,Not Reported,17.58521494116468,0,0
7584,7584,Katimok,Katimok,Forest Reserve,Forest Reserve,National,Not Reported,Designated,1949,Not Reported,Not Reported,19.392283776779077,0,0
7586,7586,Kenze,Kenze,Forest Reserve,Forest Reserve,National,Not Reported,Designated,1960,Not Reported,Not Reported,3.8365576854620573,0,0
7587,7587,Kerrer,Kerrer,Forest Reserve,Forest Reserve,National,Not Reported,Designated,1954,Not Reported,Not Reported,32.51830837048118,0,0
7588,7588,Kessop,Kessop,Forest Reserve,Forest Reserve,National,Not Reported,Designated,1941,Not Reported,Not Reported,24.8054304193767,0,0
7590,7590,Kiagu,Kiagu,Forest Reserve,Forest Reserve,National,Not Reported,Designated,1959,Not Reported,Not Reported,7.450445617073738,0,0
7592,7592,Kiambu,Kiambu,Forest Reserve,Forest Reserve,National,Not Reported,Designated,1932,Not Reported,Not Reported,1.6391832181286219,0,0
7595,7595,Kibwezi,Kibwezi,Forest Reserve,Forest Reserve,National,Not Reported,Designated,1936,Not Reported,Not Reported,23.00856919969473,0,0
7596,7596,Kieiga,Kieiga,Forest Reserve,Forest Reserve,National,Not Reported,Designated,1959,Not Reported,Not Reported,5.960673670592373,1,16.776627194567084
7597,7597,Kierera,Kierera,Forest Reserve,Forest Reserve,National,Not Reported,Designated,1959,Not Reported,Not Reported,4.480451855040775,0,0
7600,7600,Kijege,Kijege,Forest Reserve,Forest Reserve,National,Not Reported,Designated,1959,Not Reported,Not Reported,20.284229542836155,0,0
7601,7601,Kikingo,Kikingo,Forest Reserve,Forest Reserve,National,Not Reported,Designated,1959,Not Reported,Not Reported,9.33731372882403,0,0
7602,7602,Kikuyu Escarpment,Kikuyu Escarpment,Forest Reserve,Forest Reserve,National,Not Reported,Designated,1943,Not Reported,Not Reported,413.33437539786803,1,0.24193487392318108
7604,7604,Kilombe Hill,Kilombe Hill,Forest Reserve,Forest Reserve,National,Not Reported,Designated,1936,Not Reported,Not Reported,32.36829463710178,0,0
7606,7606,Kimojoch,Kimojoch,Forest Reserve,Forest Reserve,National,Not Reported,Designated,1949,Not Reported,Not Reported,7.7334999465096725,0,0
7610,7610,Kipkabus (Uasin/Gishu),Kipkabus (Uasin/Gishu),Forest Reserve,Forest Reserve,National,Not Reported,Designated,1941,Not Reported,Not Reported,69.29352108713596,0,0
7611,7611,Kipkabus (Elg-Marak),Kipkabus (Elg-Marak),Forest Reserve,Forest Reserve,National,Not Reported,Designated,1961,Not Reported,Not Reported,5.452420298309664,0,0
7612,7612,Kipkunurr,Kipkunurr,Forest Reserve,Forest Reserve,National,Not Reported,Designated,1941,Not Reported,Not Reported,153.3706242459897,3,1.9560460255989625
7613,7613,Kipipiri,Kipipiri,Forest Reserve,Forest Reserve,National,Not Reported,Designated,1956,Not Reported,Not Reported,43.082271835306166,0,0
7614,7614,Kiptaberr,Kiptaberr,Forest Reserve,Forest Reserve,National,Not Reported,Designated,1967,Not Reported,Not Reported,106.88423892155937,1,0.9355916364188026
7619,7619,Kitondu,Kitondu,Forest Reserve,Forest Reserve,National,Not Reported,Designated,1960,Not Reported,Not Reported,12.640827322961044,0,0
7624,7624,Kyemundu,Kyemundu,Forest Reserve,Forest Reserve,National,Not Reported,Designated,1960,Not Reported,Not Reported,2.0497131529512083,0,0
7625,7625,Kitalale,Kitalale,Forest Reserve,Forest Reserve,National,Not Reported,Designated,1977,Not Reported,Not Reported,19.55391062647845,0,0
7626,7626,Lariak,Lariak,Forest Reserve,Forest Reserve,National,Not Reported,Designated,1932,Not Reported,Not Reported,51.74025663317015,0,0
7627,7627,Lelan,Lelan,Forest Reserve,Forest Reserve,National,Not Reported,Designated,1958,Not Reported,Not Reported,110.50808494971066,2,1.8098223319227256
7630,7630,Leshau,Leshau,Forest Reserve,Forest Reserve,National,Not Reported,Designated,1960,Not Reported,Not Reported,1.9920853531291016,0,0
7631,7631,Londiani,Londiani,Forest Reserve,Forest Reserve,National,Not Reported,Designated,1932,Not Reported,Not Reported,214.31401687245085,0,0
7632,7632,Lugari,Lugari,Forest Reserve,Forest Reserve,National,Not Reported,Designated,1977,Not Reported,Not Reported,17.039987683030265,0,0
7633,7633,Loitokitok,Loitokitok,Forest Reserve,Forest Reserve,National,Not Reported,Designated,1977,Not Reported,Not Reported,27.60958307974806,0,0
7636,7636,Mailuganji,Mailuganji,Forest Reserve,Forest Reserve,National,Not Reported,Designated,1941,Not Reported,Not Reported,18.091534115528084,0,0
7637,7637,Maji Mazuri,Maji Mazuri,Forest Reserve,Forest Reserve,National,Not Reported,Designated,1932,Not Reported,Not Reported,80.827998530922045,0,0
7638,7638,Makongo-kitui,Makongo-kitui,Forest Reserve,Forest Reserve,National,Not Reported,Designated,1961,Not Reported,Not Reported,32.190791520394875,0,0
7640,7640,Makuli-nguuta,Makuli-nguuta,Forest Reserve,Forest Reserve,National,Not Reported,Designated,1960,Not Reported,Not Reported,13.79890678616616,0,0
7641,7641,Malaba,Malaba,Forest Reserve,Forest Reserve,National,Not Reported,Designated,1933,Not Reported,Not Reported,6.6196538410635375,0,0
7643,7643,Maragoli,Maragoli,Forest Reserve,Forest Reserve,National,Not Reported,Designated,1957,Not Reported,Not Reported,2.0975205185085968,0,0
7644,7644,Marenji,Marenji,Forest Reserve,Forest Reserve,National,Not Reported,Designated,1967,Not Reported,Not Reported,10.96856603689138,0,0
7645,7645,Marmanet,Marmanet,Forest Reserve,Forest Reserve,National,Not Reported,Designated,1932,Not Reported,Not Reported,208.25279004357105,0,0
7647,7647,Marsabit,Marsabit,Forest Reserve,Forest Reserve,National,Not Reported,Designated,1932,Not Reported,Not Reported,146.58039336545755,3,2.046658445321764
7648,7648,Mataa,Mataa,Forest Reserve,Forest Reserve,National,Not Reported,Designated,1960,Not Reported,Not Reported,9.365015490070142,0,0
7649,7649,Mathews Range,Mathews Range,Forest Reserve,Forest Reserve,National,Not Reported,Designated,1956,Federal or national ministry or agency,Not Reported,968.529743434053,0,0
7650,7650,Mau Narok,Mau Narok,Forest Reserve,Forest Reserve,National,Not Reported,Designated,1967,Not Reported,Not Reported,6.405377385031339,0,0
7651,7651,Menengai,Menengai,Forest Reserve,Forest Reserve,National,Not Reported,Designated,1977,Not Reported,Not Reported,55.105641497738304,0,0
7653,7653,Imenti or Upper Imenti,Imenti or Upper Imenti,Forest Reserve,Forest Reserve,National,Not Reported,Designated,1938,Not Reported,Not Reported,121.95766754755206,0,0
7654,7654,Metkei,Metkei,Forest Reserve,Forest Reserve,National,Not Reported,Designated,1954,Not Reported,Not Reported,17.51583557351337,0,0
7655,7655,Mkongani North,Mkongani North,Forest Reserve,Forest Reserve,National,Not Reported,Designated,1956,Not Reported,Not Reported,8.827490821892031,0,0
7656,7656,Mkongani West,Mkongani West,Forest Reserve,Forest Reserve,National,Not Reported,Designated,1956,Not Reported,Not Reported,14.943565300698006,0,0
7657,7657,Molo,Molo,Forest Reserve,Forest Reserve,National,Not Reported,Designated,1932,Not Reported,Not Reported,8.434101446107029,0,0
7660,7660,Mount Elgon,Mount Elgon,Forest Reserve,Forest Reserve,National,Not Reported,Designated,1932,Not Reported,Not Reported,607.953359948536,0,0
7661,7661,Mount Kenya,Mount Kenya,Forest Reserve,Forest Reserve,National,Not Reported,Designated,1943,Federal or national ministry or agency,Not Reported,2122.2011805014017,0,0
7662,7662,Mount Londiani,Mount Londiani,Forest Reserve,Forest Reserve,National,Not Reported,Designated,1932,Not Reported,Not Reported,221.6537540177346,0,0
7663,7663,Mount Nyiru,Mount Nyiru,Forest Reserve,Forest Reserve,National,Not Reported,Designated,1956,Not Reported,Not Reported,457.1008123386142,1,0.21877012094636428
7664,7664,Mrima,Mrima,Forest Reserve,Forest Reserve,National,Not Reported,Designated,1961,Not Reported,Not Reported,3.3175788322301902,0,0
7666,7666,Muguga,Muguga,Forest Reserve,Forest Reserve,National,Not Reported,Designated,1938,Not Reported,Not Reported,1.42488093018246,0,0
7667,7667,Mukobe,Mukobe,Forest Reserve,Forest Reserve,National,Not Reported,Designated,1962,Not Reported,Not Reported,7.57865591720155,0,0
7668,7668,Mukogodo,Mukogodo,Forest Reserve,Forest Reserve,National,Not Reported,Designated,1937,Federal or national ministry or agency,Not Reported,309.1920539874706,1,0.3234235767393049
7670,7670,Munguni,Munguni,Forest Reserve,Forest Reserve,National,Not Reported,Designated,1959,Not Reported,Not Reported,4.639254652551596,0,0
7672,7672,Mutejwa,Mutejwa,Forest Reserve,Forest Reserve,National,Not Reported,Designated,1959,Not Reported,Not Reported,8.589411321673373,0,0
7673,7673,Mutharanga,Mutharanga,Forest Reserve,Forest Reserve,National,Not Reported,Designated,1959,Not Reported,Not Reported,6.139612297382712,0,0
7674,7674,Mutito,Mutito,Forest Reserve,Forest Reserve,National,Not Reported,Designated,1962,Not Reported,Not Reported,30.606907315119805,0,0
7676,7676,Mwachi,Mwachi,Forest Reserve,Forest Reserve,National,Not Reported,Designated,1938,Not Reported,Not Reported,8.224609933653547,0,0
7679,7679,Namanga Hill,Namanga Hill,Forest Reserve,Forest Reserve,National,Not Reported,Designated,1979,Federal or national ministry or agency,Not Reported,105.80928391391379,0,0
7682,7682,Nakuru,Nakuru,Forest Reserve,Forest Reserve,National,Not Reported,Designated,1977,Not Reported,Not Reported,4.523333746572644,0,0
7683,7683,Ngare Ndare,Ngare Ndare,Forest Reserve,Forest Reserve,National,Not Reported,Designated,1932,Not Reported,Not Reported,55.76542493816432,0,0
7685,7685,Ndotos Range,Ndotos Range,Forest Reserve,Forest Reserve,National,Not Reported,Designated,1956,Not Reported,Not Reported,952.1112981312042,1,0.10502973780090535
7687,7687,Ngaia,Ngaia,Forest Reserve,Forest Reserve,National,Not Reported,Designated,1959,Not Reported,Not Reported,82.61746930961878,0,0
7688,7688,Ngamba,Ngamba,Forest Reserve,Forest Reserve,National,Not Reported,Designated,1961,Not Reported,Not Reported,9.278392716407579,0,0
7689,7689,Ngong Road,Ngong Road,Forest Reserve,Forest Reserve,National,Not Reported,Designated,1932,Not Reported,Not Reported,10.549271873096538,0,0
7690,7690,Njuguni,Njuguni,Forest Reserve,Forest Reserve,National,Not Reported,Designated,1959,Not Reported,Not Reported,17.858260646611875,0,0
7692,7692,North Nandi,North Nandi,Forest Reserve,Forest Reserve,National,Not Reported,Designated,1936,Not Reported,Not Reported,112.01625218419518,0,0
7693,7693,Northern Tinderet,Northern Tinderet,Forest Reserve,Forest Reserve,National,Not Reported,Designated,1932,Not Reported,Not Reported,294.1281108980699,0,0
7694,7694,Nthangu,Nthangu,Forest Reserve,Forest Reserve,National,Not Reported,Designated,1960,Not Reported,Not Reported,10.623265575146206,0,0
7696,7696,Nuu,Nuu,Forest Reserve,Forest Reserve,National,Not Reported,Designated,1961,Not Reported,Not Reported,45.2451964947796,0,0
7697,7697,Nyambeni,Nyambeni,Forest Reserve,Forest Reserve,National,Not Reported,Designated,1959,Not Reported,Not Reported,52.17197576342576,0,0
7699,7699,Nyeri,Nyeri,Forest Reserve,Forest Reserve,National,Not Reported,Designated,1932,Federal or national ministry or agency,Not Reported,11.96767775773709,0,0
7701,7701,Nzaui,Nzaui,Forest Reserve,Forest Reserve,National,Not Reported,Designated,1960,Not Reported,Not Reported,14.273747187169521,0,0
7702,7702,Ol-arabel,Ol-arabel,Forest Reserve,Forest Reserve,National,Not Reported,Designated,1941,Not Reported,Not Reported,99.07914576511456,3,3.027882383152611
7703,7703,Ol-bolossat,Ol-bolossat,Forest Reserve,Forest Reserve,National,Not Reported,Designated,1938,Not Reported,Not Reported,36.094898400886684,0,0
7704,7704,Ololua,Ololua,Forest Reserve,Forest Reserve,National,Not Reported,Designated,1941,Not Reported,Not Reported,5.9705386308240165,0,0
7705,7705,Ol-pusimoru,Ol-pusimoru,Forest Reserve,Forest Reserve,National,Not Reported,Designated,1957,Not Reported,Not Reported,357.1611216268865,5,1.3999284068839168
7707,7707,Perkerra Catchment,Perkerra Catchment,Forest Reserve,Forest Reserve,National,Not Reported,Designated,1962,Not Reported,Not Reported,52.39578394677117,0,0
7708,7708,Rumuruti,Rumuruti,Forest Reserve,Forest Reserve,National,Not Reported,Designated,1932,Not Reported,Not Reported,61.96547786782256,0,0
7709,7709,Saimo,Saimo,Forest Reserve,Forest Reserve,National,Not Reported,Designated,1949,Not Reported,Not Reported,9.961166752971229,0,0
7713,7713,Sogotio,Sogotio,Forest Reserve,Forest Reserve,National,Not Reported,Designated,1941,Not Reported,Not Reported,33.071473312933904,0,0
7719,7719,South Nandi,South Nandi,Forest Reserve,Forest Reserve,National,Not Reported,Designated,1936,Not Reported,Not Reported,199.17609274285462,0,0
7720,7720,Sekhendu,Sekhendu,Forest Reserve,Forest Reserve,National,Not Reported,Designated,1977,Not Reported,Not Reported,7.545288541796575,0,0
7722,7722,Taressia,Taressia,Forest Reserve,Forest Reserve,National,Not Reported,Designated,1936,Not Reported,Not Reported,3.606654398103941,0,0
7723,7723,Thunguru Hill,Thunguru Hill,Forest Reserve,Forest Reserve,National,Not Reported,Designated,1959,Not Reported,Not Reported,8.718934018208532,0,0
7724,7724,Thuuri,Thuuri,Forest Reserve,Forest Reserve,National,Not Reported,Designated,1959,Not Reported,Not Reported,6.530407834565695,0,0
7725,7725,Timau,Timau,Forest Reserve,Forest Reserve,National,Not Reported,Designated,1950,Not Reported,Not Reported,3.786538257364293,0,0
7726,7726,Timboroa,Timboroa,Forest Reserve,Forest Reserve,National,Not Reported,Designated,1932,Not Reported,Not Reported,53.017503825257904,0,0
7727,7727,Tinderet,Tinderet,Forest Reserve,Forest Reserve,National,Not Reported,Designated,1932,Not Reported,Not Reported,339.33290428707846,0,0
7730,7730,Transmara,Transmara,Forest Reserve,Forest Reserve,National,Not Reported,Designated,1941,Not Reported,Not Reported,376.73063946789216,0,0
7734,7734,Turbo,Turbo,Forest Reserve,Forest Reserve,National,Not Reported,Designated,1968,Not Reported,Not Reported,110.92812685574842,0,0
7736,7736,Uaso Narok,Uaso Narok,Forest Reserve,Forest Reserve,National,Not Reported,Designated,1960,Not Reported,Not Reported,12.256282223574228,0,0
7744,7744,Witu,Witu,Forest Reserve,Forest Reserve,National,Not Reported,Designated,1962,Not Reported,Not Reported,23.035723811052875,0,0
7887,7887,Central Island,Central Island,National Park,National Park,National,II,Designated,1983,Federal or national ministry or agency,State,4.785062859500491,0,0
7888,7888,South Island,South Island,National Park,National Park,National,II,Designated,1983,Federal or national ministry or agency,State,149.45394779743125,0,0
10750,10750,Kerio Valley,Kerio Valley,National Reserve,National Reserve,National,VI,Designated,1983,Federal or national ministry or agency,State,65.89597548700341,4,6.0701734369027065
10751,10751,Maralal,Maralal,National Sanctuary,National Sanctuary,National,IV,Designated,1988,Federal or national ministry or agency,State,4.930344812175223,1,20.28255706437719
12344,12344,Ndere Island,Ndere Island,National Park,National Park,National,II,Designated,1986,Federal or national ministry or agency,State,4.077821813370079,0,0
12345,12345,Mombasa,Mombasa,Marine National Reserve,Marine National Reserve,National,Not Reported,Designated,1986,Federal or national ministry or agency,State,198.75467398775933,0,0
14013,14013,Mombasa,Mombasa,Marine National Park,Marine National Park,National,Not Reported,Designated,1986,Federal or national ministry or agency,State,10.033264758301328,0,0
17825,17825,Solio Ranch and Rhino Sanctuary,Solio Ranch,Private Ranch,Private Ranch,National,Not Reported,Designated,1970,Non-profit organisations,Not Reported,236.64364905963905,0,0
17826,17826,Ol Jogi Ranch,Ol Jogi Ranch,Private Ranch,Private Ranch,National,Not Reported,Not Reported,1985,Non-profit organisations,Not Reported,116.2455635297882,0,0
19562,19562,Mt. Longonot,Mt. Longonot,National Park,National Park,National,II,Designated,1983,Federal or national ministry or agency,State,52.244438284925025,0,0
19563,19563,Chyulu Hills,Chyulu Hills,National Park,National Park,National,II,Designated,1983,Federal or national ministry or agency,State,733.6333120931062,0,0
19564,19564,Tsavo West,Tsavo West,National Park,National Park,National,II,Designated,1948,Federal or national ministry or agency,State,7020.31883703275,0,0
19565,19565,Marsabit,Marsabit,National Park,National Park,National,Not Reported,Proposed,0,Federal or national ministry or agency,State,145.0309515993391,0,0
19566,19566,Watamu,Watamu,Marine National Park,Marine National Park,National,Not Reported,Designated,1968,Federal or national ministry or agency,State,31.858539807693194,0,0
19568,19568,Mpunguti,Mpunguti,Marine National Reserve,Marine National Reserve,National,VI,Designated,1978,Federal or national ministry or agency,State,11.100811041051431,0,0
19726,19726,Malka Mari,Malka Mari,National Park,National Park,National,II,Designated,1989,Federal or national ministry or agency,State,876.4495503495992,0,0
29801,29801,Arabuko Sokoke,Arabuko Sokoke,National Park,National Park,National,Not Reported,Designated,1990,Federal or national ministry or agency,State,5.730252541384972,0,0
33435,33435,Aberdare,Aberdare,Forest Reserve,Forest Reserve,National,Not Reported,Designated,1943,Federal or national ministry or agency,Not Reported,947.6294121367522,0,0
33443,33443,Eastern Mau,Eastern Mau,Forest Reserve,Forest Reserve,National,Not Reported,Designated,1941,Not Reported,Not Reported,659.6219793857338,0,0
33450,33450,Kakamega,Kakamega,Forest Reserve,Forest Reserve,National,Not Reported,Designated,1933,Not Reported,Not Reported,180.93822655700592,0,0
33464,33464,Lusoi,Lusoi,Forest Reserve,Forest Reserve,National,Not Reported,Designated,1984,Not Reported,Not Reported,3.7659258263539748,0,0
33476,33476,Mumbaka,Mumbaka,Forest Reserve,Forest Reserve,National,Not Reported,Designated,1986,Not Reported,Not Reported,3.2073095038111923,0,0
33485,33485,Ngong Hills,Ngong Hills,Forest Reserve,Forest Reserve,National,Not Reported,Designated,1985,Not Reported,Not Reported,32.4085861558464,4,12.342408214800859
33496,33496,South Laikipia,South Laikipia,Forest Reserve,Forest Reserve,National,Not Reported,Designated,1932,Not Reported,Not Reported,20.741762829978182,0,0
33498,33498,Southern Mau,Southern Mau,Forest Reserve,Forest Reserve,National,Not Reported,Designated,1941,Not Reported,Not Reported,0.7748660772050924,0,0
33499,33499,South-western Mau,South-western Mau,Forest Reserve,Forest Reserve,National,Not Reported,Designated,1932,Not Reported,Not Reported,832.3680829847185,0,0
62221,62221,Laikipia,Laikipia,National Reserve,National Reserve,National,VI,Designated,1991,Federal or national ministry or agency,State,167.12767990621052,0,0
68092,68092,Lake Nakuru,Lake Nakuru,"Ramsar Site, Wetland of International Importance","Ramsar Site, Wetland of International Importance",International,Not Reported,Designated,1990,Not Reported,Not Reported,177.70555662157412,0,0
72283,72283,Imbirikani,Imbirikani,Community Conservancy,Community Conservancy,National,Not Reported,Designated,0,Local communities,Not Reported,4.613822176025646,0,0
72309,72309,Lumo,Lumo,Community Wildlife Sanctuary,Community Wildlife Sanctuary,National,Not Reported,Designated,2001,Local communities,Not Reported,222.40032375994195,0,0
103549,103549,Lake Naivasha,Lake Naivasha,"Ramsar Site, Wetland of International Importance","Ramsar Site, Wetland of International Importance",International,Not Reported,Designated,1995,Not Reported,Not Reported,288.04029092099864,0,0
145585,145585,Mount Kenya National Park/Natural Forest,Parc national/Forêt naturelle du mont Kenya,World Heritage Site (natural or mixed),World Heritage Site (natural or mixed),International,Not Applicable,Inscribed,1997,Not Reported,Not Reported,1975.9745922403183,1,0.05060793817526879
145586,145586,Lake Turkana National Parks,Parcs nationaux du Lac Turkana,World Heritage Site (natural or mixed),World Heritage Site (natural or mixed),International,Not Applicable,Inscribed,1997,Not Reported,Not Reported,1537.2762978394987,0,0
478054,478054,Kaya Chonyi,Kaya Chonyi,Not Reported,Not Reported,National,Not Reported,Designated,0,Not Reported,Not Reported,2.0083111427815874,0,0
478055,478055,Kaya Jibana,Kaya Jibana,Not Reported,Not Reported,National,Not Reported,Designated,0,Not Reported,Not Reported,1.1461806982220089,0,0
478056,478056,Kaya Kambe,Kaya Kambe,Not Reported,Not Reported,National,Not Reported,Designated,0,Not Reported,Not Reported,0.6056061398318868,0,0
478057,478057,Kaya Ribe,Kaya Ribe,Not Reported,Not Reported,National,Not Reported,Designated,0,Not Reported,Not Reported,0.7522677449096843,0,0
478058,478058,Kaya Dzombo,Kaya Dzombo,Not Reported,Not Reported,National,Not Reported,Designated,0,Not Reported,Not Reported,3.1149785284918554,0,0
900591,900591,Lake Bogoria,Lake Bogoria,"Ramsar Site, Wetland of International Importance","Ramsar Site, Wetland of International Importance",International,Not Reported,Designated,2001,Not Reported,Not Reported,84.18277319468021,0,0
555542339,555542339,Kenya Lake System in the Great Rift Valley,Réseau des lacs du Kenya dans la vallée du Grand Rift,World Heritage Site (natural or mixed),World Heritage Site (natural or mixed),International,Not Applicable,Inscribed,2011,Not Reported,Not Reported,331.7199914597937,0,0
555555481,555555481,Kimana Wildlife Sanctuary,Kimana Wildlife Sanctuary,Community Conservancy,Community Conservancy,National,Not Reported,Designated,1999,Local communities,Not Reported,25.754168826557677,0,0
555555482,555555482,Elerai,Elerai,Community Conservancy,Community Conservancy,National,Not Reported,Designated,2008,Local communities,Not Reported,43.027793624871016,0,0
555555483,555555483,Shompole,Shompole,Community Conservancy,Community Conservancy,National,Not Reported,Designated,2000,Local communities,Not Reported,149.3845020779575,0,0
555555484,555555484,Elangata Wuas,Elangata Wuas,Community Conservancy,Community Conservancy,National,Not Reported,Designated,1992,Local communities,Not Reported,602.1948917980687,0,0
555555485,555555485,Esenlenkei,Esenlenkei,Community Conservancy,Community Conservancy,National,Not Reported,Designated,1983,Local communities,Not Reported,43.00288080774002,0,0
555555486,555555486,Motikanju,Motikanju,Community Conservancy,Community Conservancy,National,Not Reported,Designated,2010,Local communities,Not Reported,27.710576896578534,0,0
555555487,555555487,Osupuko,Osupuko,Community Conservancy,Community Conservancy,National,Not Reported,Designated,2009,Local communities,Not Reported,13.464686274338074,0,0
555555488,555555488,Nailepu,Nailepu,Community Conservancy,Community Conservancy,National,Not Reported,Designated,2010,Local communities,Not Reported,24.33007739157001,0,0
555555489,555555489,Tawi,Tawi,Community Conservancy,Community Conservancy,National,Not Reported,Designated,2010,Local communities,Not Reported,12.395035686928885,0,0
555555490,555555490,Lewa Wildlife Conservancy,Lewa Wildlife Conservancy,Community Conservancy,Community Conservancy,National,Not Reported,Designated,1995,Non-profit organisations,Not Reported,162.6701715118542,1,0.6147408530439322
555555491,555555491,Mpala,Mpala,Community Conservancy,Community Conservancy,National,Not Reported,Designated,1969,Non-profit organisations,Not Reported,194.64817827234316,0,0
555555492,555555492,Lekurruki Conservancy Trust,Lekurruki Conservancy Trust,Community Nature Reserve,Community Nature Reserve,National,Not Reported,Not Reported,1999,Indigenous peoples,Not Reported,87.83564346148462,0,0
555555493,555555493,Makurian (Oreteti),Makurian,Group Ranch,Group Ranch,National,Not Reported,Designated,2010,Local communities,Not Reported,66.43290485056222,0,0
555555494,555555494,Borana,Borana,Private Ranch,Private Ranch,National,Not Reported,Designated,1990,Non-profit organisations,Not Reported,119.08393073008679,0,0
555555495,555555495,Loisaba Wilderness,Loisaba Wilderness,Private Ranch,Private Ranch,National,Not Reported,Designated,2000,Non-profit organisations,Not Reported,173.31532142425039,0,0
555555496,555555496,Kalama Community Wildlife Conservancy,Kalama Community Wildlife Conservancy,Community Nature Reserve,Community Nature Reserve,National,Not Reported,Not Reported,2002,Indigenous peoples,Not Reported,496.73513997693743,6,1.2078871650349863
555555497,555555497,Namunyak Wildlife Conservation Trust,Namunyak Wildlife Conservation Trust,Community Nature Reserve,Community Nature Reserve,National,Not Reported,Not Reported,1995,Indigenous peoples,Not Reported,2868.9579307258673,5,0.17427930700729946
555555498,555555498,Sera Community Conservancy,Sera Community Conservancy,Community Nature Reserve,Community Nature Reserve,National,Not Reported,Not Reported,2001,Indigenous peoples,Not Reported,3393.338202671324,0,0
555555499,555555499,Ol Pejeta,Ol Pejeta,Community Conservancy,Community Conservancy,National,Not Reported,Designated,2004,Non-profit organisations,Not Reported,370.62990460199586,0,0
555555500,555555500,Songa Community Conservancy,Songa Community Conservancy,Community Nature Reserve,Community Nature Reserve,National,Not Reported,Not Reported,2013,Indigenous peoples,Not Reported,1038.673620044424,4,0.38510653614452245
555555502,555555502,Mugie,Mugie,Community Conservancy,Community Conservancy,National,Not Reported,Designated,1970,Non-profit organisations,Not Reported,185.7429760211481,1,0.5383783663970922
555555503,555555503,Melako Community Conservancy,Melako Community Conservancy,Community Nature Reserve,Community Nature Reserve,National,Not Reported,Not Reported,2004,Indigenous peoples,Not Reported,5491.212652198689,6,0.10926548250863298
555555504,555555504,Il Ngwesi Community Trust,Il Ngwesi Community Trust,Community Nature Reserve,Community Nature Reserve,National,Not Reported,Not Reported,1995,Indigenous peoples,Not Reported,94.33285182216684,0,0
555555505,555555505,Ishaqbini Hirola Community Conservancy,Ishaqbini Hirola Community Conservancy,Community Nature Reserve,Community Nature Reserve,National,Not Reported,Not Reported,2007,Indigenous peoples,Not Reported,688.330393383683,0,0
555555506,555555506,Jaldesa Community Conservancy,Jaldesa Community Conservancy,Community Nature Reserve,Community Nature Reserve,National,Not Reported,Not Reported,2013,Indigenous peoples,Not Reported,520.7826140904336,0,0
555555507,555555507,Lower Tana Delta Conservation Trust,Lower Tana Delta Conservation Trust,Community Nature Reserve,Community Nature Reserve,National,Not Reported,Not Reported,2010,Indigenous peoples,Not Reported,517.55896166674,0,0
555555508,555555508,Mpus Kutuk Community Conservancy,Mpus Kutuk Community Conservancy,Community Nature Reserve,Community Nature Reserve,National,Not Reported,Not Reported,2007,Indigenous peoples,Not Reported,544.54654152256,0,0
555555509,555555509,Naibunga Conservancy Trust,Naibunga Conservancy Trust,Community Nature Reserve,Community Nature Reserve,National,Not Reported,Not Reported,2001,Indigenous peoples,Not Reported,471.0490980773255,6,1.2737525715451141
555555510,555555510,Ruko Community Widlife Conservancy,Ruko Community Widlife Conservancy,Community Nature Reserve,Community Nature Reserve,National,Not Reported,Not Reported,2006,Indigenous peoples,Not Reported,178.96790590702372,4,2.2350376061717205
555555511,555555511,West Gate Community Conservancy,West Gate Community Conservancy,Community Nature Reserve,Community Nature Reserve,National,Not Reported,Not Reported,2004,Indigenous peoples,Not Reported,362.5234036686177,0,0
555555512,555555512,Lemek,Lemek,Community Conservancy,Community Conservancy,National,Not Reported,Designated,1995,Local communities,Not Reported,62.340405567194054,0,0
555555513,555555513,Mara North,Mara North,Community Conservancy,Community Conservancy,National,VI,Designated,2009,Joint governance,Not Reported,335.4140219187964,0,0
555555514,555555514,Olare Orok,Olare Orok,Community Conservancy,Community Conservancy,National,Not Reported,Designated,2006,Non-profit organisations,Not Reported,111.61054520440415,0,0
555555515,555555515,Motorogi,Motorogi,Community Conservancy,Community Conservancy,National,Not Reported,Designated,2006,Local communities,Not Reported,63.67763849555335,0,0
555555516,555555516,Ol Chorro Oiroua,Ol Chorro Oiroua,Community Conservancy,Community Conservancy,National,Not Reported,Designated,2010,Local communities,Not Reported,53.68414076987989,0,0
555555517,555555517,Ol Kinyei,Ol Kinyei,Community Conservancy,Community Conservancy,National,Not Reported,Designated,2005,Non-profit organisations,Not Reported,30.44360120636591,0,0
555555518,555555518,Naboisho,Naboisho,Community Conservancy,Community Conservancy,National,Not Reported,Designated,2010,Non-profit organisations,Not Reported,210.3391848653579,0,0
555555519,555555519,Nakuprat-Gotu Community Conservancy,Nakuprat-Gotu Community Conservancy,Community Nature Reserve,Community Nature Reserve,National,Not Reported,Not Reported,2010,Indigenous peoples,Not Reported,719.9197597070773,0,0
555555520,555555520,Biliqo-Bulesa Community Conservancy,Biliqo-Bulesa Community Conservancy,Community Nature Reserve,Community Nature Reserve,National,Not Reported,Not Reported,2007,Indigenous peoples,Not Reported,3784.8029608421516,4,0.1056858188229161
555555521,555555521,Hanshak-Nyongoro Community Conservancy,Hanshak-Nyongoro Community Conservancy,Community Nature Reserve,Community Nature Reserve,National,Not Reported,Not Reported,2010,Indigenous peoples,Not Reported,783.8953729439194,3,0.3827041341924878
555555522,555555522,Nasuulu Community Wildlife Conservancy,Nasuulu Community Wildlife Conservancy,Community Nature Reserve,Community Nature Reserve,National,Not Reported,Not Reported,2011,Indigenous peoples,Not Reported,346.0082348962666,4,1.1560418500441765
555555523,555555523,Ndera Community Conservancy,Ndera Community Conservancy,Community Nature Reserve,Community Nature Reserve,National,Not Reported,Not Reported,2010,Indigenous peoples,Not Reported,1163.8163704363549,0,0
555566888,555566888,Awer Community Conservancy,Awer Community Conservancy,Community Nature Reserve,Community Nature Reserve,National,Not Reported,Not Reported,2010,Indigenous peoples,Not Reported,209.81022434668668,0,0
555566897,555566897,Ngorare,Ngorare,Private Protected Area,Private Protected Area,National,Not Reported,Not Reported,2013,For-profit organisations,Not Reported,157.00831019305247,0,0
555566898,555566898,Ol Lentille Conservancy,Ol Lentille Conservancy,Community Nature Reserve,Community Nature Reserve,National,Not Reported,Not Reported,2006,Non-profit organisations,Not Reported,107.24460325858696,1,0.9324478524936228
555566899,555566899,Shura Community Conservancy,Shura Community Conservancy,Community Nature Reserve,Community Nature Reserve,National,Not Reported,Not Reported,2004,Indigenous peoples,Not Reported,4170.952795551746,0,0
555566900,555566900,Ol Pejeta Conservancy,Ol Pejeta Conservancy,Private Protected Area,Private Protected Area,National,Not Reported,Not Reported,1989,Non-profit organisations,Not Reported,364.84379787956675,0,0
555566901,555566901,Segera,Segera,Private Nature Reserve,Private Nature Reserve,National,Not Reported,Not Reported,2007,Non-profit organisations,Not Reported,196.87660310340627,0,0
555566902,555566902,Ngare Ndare Community Conservancy,Ngare Ndare Community Conservancy,Community Nature Reserve,Community Nature Reserve,National,Not Reported,Not Reported,2000,Indigenous peoples,Not Reported,55.10720391326009,0,0
555566903,555566903,Leparua Community Conservancy,Leparua Community Conservancy,Community Nature Reserve,Community Nature Reserve,National,Not Reported,Not Reported,2011,Indigenous peoples,Not Reported,328.3507044331586,3,0.9136572449810902
555566904,555566904,Pate Marine Community Conservancy,Pate Marine Community Conservancy,Community Nature Reserve,Community Nature Reserve,National,Not Reported,Not Reported,2010,Indigenous peoples,Not Reported,192.44943691523213,0,0
555566905,555566905,Ltungai Community Conservancy Trust,Ltungai Community Conservancy Trust,Community Nature Reserve,Community Nature Reserve,National,Not Reported,Not Reported,2002,Indigenous peoples,Not Reported,193.07991238220134,6,3.1075216090439337
555566906,555566906,Meibae Community Conservancy,Meibae Community Conservancy,Community Nature Reserve,Community Nature Reserve,National,Not Reported,Not Reported,2006,Indigenous peoples,Not Reported,1016.4798063291754,0,0
555621995,555621995,Watamu,Watamu,Marine National Reserve,Marine National Reserve,National,Not Reported,Designated,1968,Federal or national ministry or agency,State,10.390416201976374,0,0
555621996,555621996,Malindi,Malindi,Marine National Reserve,Marine National Reserve,National,Not Reported,Designated,1968,Federal or national ministry or agency,State,151.8428237960916,0,0
555621998,555621998,Chepkitale,Chepkitale,National Reserve,National Reserve,National,Not Reported,Designated,2000,Federal or national ministry or agency,State,184.37053848824124,0,0
555622000,555622000,Kamnarok,Kamnarok,National Reserve,National Reserve,National,Not Reported,Designated,1983,Federal or national ministry or agency,State,87.0347963306858,0,0
555622001,555622001,Kisumu Impala,Kisumu Impala,National Sanctuary,National Sanctuary,National,IV,Designated,1992,Federal or national ministry or agency,State,0.2820861864420679,0,0
555622002,555622002,Kiunga,Kiunga,Marine National Reserve,Marine National Reserve,National,VI,Designated,1979,Federal or national ministry or agency,State,249.1848606652341,0,0
555622003,555622003,Lake Elementaita,Lake Elementaita,National Sanctuary,National Sanctuary,National,Not Reported,Designated,2010,Federal or national ministry or agency,State,25.605533588679297,0,0
555622004,555622004,Lake Kanyaboli,Lake Kanyaboli,National Reserve,National Reserve,National,Not Reported,Designated,2010,Federal or national ministry or agency,State,41.477966173253016,0,0
555622005,555622005,Lake Simbi,Lake Simbi,National Sanctuary,National Sanctuary,National,Not Reported,Designated,2000,Federal or national ministry or agency,State,0.44445742829170914,0,0
555622007,555622007,Mt. Kenya,Mt. Kenya,National Reserve,National Reserve,National,II,Designated,2000,Federal or national ministry or agency,State,2120.024462386568,0,0
555622008,555622008,Naivasha Wildlife Sanctuary,Naivasha Wildlife Sanctuary,National Sanctuary,National Sanctuary,National,Not Reported,Designated,2000,Federal or national ministry or agency,Not Reported,6.28482898379031,0,0
555622010,555622010,Nyambene,Nyambene,National Reserve,National Reserve,National,Not Reported,Designated,2000,Federal or national ministry or agency,State,641.2206577052572,2,0.31190511034959795
555646867,555646867,Mwingi,Mwingi,National Reserve,National Reserve,National,VI,Designated,1979,Federal or national ministry or agency,State,635.3074855371082,0,0
555646868,555646868,Tsavo Road and Railways,Tsavo Road and Railways,National Reserve,National Reserve,National,Not Reported,Designated,1943,Federal or national ministry or agency,State,23.354484574612144,0,0
555705847,555705847,Swara Conservancy,Swara Conservancy,Conservancy,Conservancy,National,Not Reported,Designated,2020,Not Reported,Not Reported,83.00662859494386,0,0
555705848,555705848,ILRI Conservancy,ILRI Conservancy,Conservancy,Conservancy,National,Not Reported,Designated,2020,Not Reported,Not Reported,121.04891802990166,0,0
