"","x","y","avg_agriculture","avg_pastoralism","avg_herder"
"1",34.25,-0.75,0.557131350040436,0.556490242481232,0
"2",34.25,-0.25,0.557484805583954,0.446511626243591,0
"3",34.25,0.25,0.525655806064606,0.287122339010239,0
"4",34.25,4.25,0.330786883831024,0.744330108165741,0.305000007152557
"5",34.75,-1.25,0.540613174438477,0.458201766014099,0
"6",34.75,-0.75,0.604400813579559,0.622042655944824,0
"7",34.75,0.25,0.5415358543396,0.412915080785751,0
"8",34.75,0.75,0.593103587627411,0.553812801837921,0
"9",34.75,3.25,0.601586639881134,0.901859879493713,0.305000007152557
"10",34.75,3.75,0.244949281215668,0.798486530780792,0.305000007152557
"11",34.75,4.25,0.0766434147953987,0.555075168609619,0.305000007152557
"12",35.25,-1.25,0.505422830581665,0.590245068073273,0.920000016689301
"13",35.25,-0.75,0.606728076934814,0.71562123298645,0
"14",35.25,-0.25,0.600346684455872,0.628075778484344,0
"15",35.25,0.25,0.636388421058655,0.688252329826355,0
"16",35.25,0.75,0.614789724349976,0.61151784658432,0
"17",35.25,1.25,0.684238314628601,0.624741017818451,NA
"18",35.25,1.75,0.689359307289124,0.77346408367157,NA
"19",35.25,2.25,0.58292144536972,0.856069266796112,0.305000007152557
"20",35.25,2.75,0.208366438746452,0.836794972419739,0.305000007152557
"21",35.25,3.25,0.129962980747223,0.748953640460968,0.305000007152557
"22",35.25,3.75,0.138331308960915,0.881257116794586,0.305000007152557
"23",35.25,4.25,0.199118629097939,0.84635865688324,0.305000007152557
"24",35.75,-1.75,0.604203641414642,0.806754410266876,0.920000016689301
"25",35.75,-1.25,0.569699764251709,0.738157451152802,0.920000016689301
"26",35.75,-0.75,0.707704961299896,0.790745794773102,0.920000016689301
"27",35.75,-0.25,0.716724574565887,0.787340223789215,0
"28",35.75,0.25,0.644416213035583,0.697218954563141,0
"29",35.75,0.75,0.629231631755829,0.70087081193924,0
"30",35.75,1.25,0.610548555850983,0.744044601917267,NA
"31",35.75,1.75,0.512547850608826,0.739399909973145,NA
"32",35.75,2.25,0.280965566635132,0.777410387992859,0.305000007152557
"33",35.75,2.75,0.0747144222259521,0.636864364147186,0.305000007152557
"34",35.75,3.25,0.00411574449390173,0.339482367038727,0.305000007152557
"35",35.75,3.75,0.0360766910016537,0.453919351100922,0.305000007152557
"36",35.75,4.25,0.20230495929718,0.630656898021698,0.305000007152557
"37",36.25,-2.25,0.328354865312576,0.727117359638214,0.920000016689301
"38",36.25,-1.75,0.379070311784744,0.663628458976746,0.920000016689301
"39",36.25,-1.25,0.537877082824707,0.688195824623108,0.920000016689301
"40",36.25,-0.75,0.658478200435638,0.69078916311264,0.920000016689301
"41",36.25,-0.25,0.676177203655243,0.490112274885178,0.920000016689301
"42",36.25,0.25,0.609267890453339,0.406210482120514,NA
"43",36.25,0.75,0.52081573009491,0.657677888870239,NA
"44",36.25,1.25,0.358097046613693,0.609079599380493,NA
"45",36.25,1.75,0.13618865609169,0.625332176685333,0.920000016689301
"46",36.25,2.25,0.117352366447449,0.653840720653534,0.305000007152557
"47",36.25,2.75,0.0250393878668547,0.504009425640106,0.305000007152557
"48",36.25,4.25,0.0303282421082258,0.434562742710114,0.920000016689301
"49",36.75,-2.25,0.439144283533096,0.699742615222931,0.920000016689301
"50",36.75,-1.75,0.554068744182587,0.461342126131058,0.920000016689301
"51",36.75,-1.25,0.64488160610199,0.314927875995636,0
"52",36.75,-0.75,0.684538722038269,0.294824093580246,0
"53",36.75,-0.25,0.691125273704529,0.400210618972778,0.920000016689301
"54",36.75,0.25,0.553049981594086,0.39764267206192,0.920000016689301
"55",36.75,0.75,0.489156156778336,0.514698088169098,0.920000016689301
"56",36.75,1.25,0.450046092271805,0.56210720539093,0.920000016689301
"57",36.75,1.75,0.322597950696945,0.528478622436523,0.920000016689301
"58",36.75,2.25,0.22142031788826,0.562877953052521,0.920000016689301
"59",36.75,2.75,0.111536704003811,0.590506434440613,0.920000016689301
"60",36.75,3.25,0.059949804097414,0.694783627986908,0.920000016689301
"61",36.75,3.75,0.100593246519566,0.718438386917114,0.920000016689301
"62",36.75,4.25,0.181532502174377,0.707643687725067,0.920000016689301
"63",37.25,-2.75,0.504021227359772,0.62798023223877,0.920000016689301
"64",37.25,-2.25,0.465287238359451,0.2774997651577,0.920000016689301
"65",37.25,-1.75,0.540500342845917,0.277379363775253,0
"66",37.25,-1.25,0.501319944858551,0.221657991409302,0
"67",37.25,-0.75,0.385041952133179,0.162709936499596,0
"68",37.25,-0.25,0.654400110244751,0.385887652635574,0
"69",37.25,0.25,0.587450921535492,0.390082627534866,0.920000016689301
"70",37.25,0.75,0.364843100309372,0.247013166546822,0.920000016689301
"71",37.25,1.25,0.295267105102539,0.360703885555267,0.920000016689301
"72",37.25,1.75,0.247222349047661,0.43760347366333,0.920000016689301
"73",37.25,2.25,0.123174794018269,0.527384996414185,0.920000016689301
"74",37.25,2.75,0.0674674361944199,0.65973961353302,0.920000016689301
"75",37.25,3.25,0.0420615077018738,0.657690703868866,0.920000016689301
"76",37.25,3.75,0.0892808139324188,0.675774335861206,0.920000016689301
"77",37.75,-3.25,0.455410450696945,0.629450738430023,0
"78",37.75,-2.75,0.503917992115021,0.341795146465302,0.920000016689301
"79",37.75,-2.25,0.410136759281158,0.208642214536667,0
"80",37.75,-1.75,0.39465007185936,0.180739626288414,0
"81",37.75,-1.25,0.378423154354095,0.175708308815956,0
"82",37.75,-0.75,0.289755553007126,0.145506680011749,0
"83",37.75,-0.25,0.366008996963501,0.12107776850462,0
"84",37.75,0.25,0.401669412851334,0.139799565076828,0
"85",37.75,0.75,0.234937414526939,0.284940093755722,NA
"86",37.75,1.25,0.170322462916374,0.389878988265991,NA
"87",37.75,1.75,0.157935217022896,0.467396199703217,NA
"88",37.75,2.25,0.201590806245804,0.427818030118942,NA
"89",37.75,2.75,0.128595903515816,0.668109357357025,NA
"90",37.75,3.25,0.278981804847717,0.604519724845886,0.920000016689301
"91",37.75,3.75,0.326616942882538,0.550708115100861,NA
"92",38.25,-3.75,0.418362468481064,0.612042009830475,0
"93",38.25,-3.25,0.476923793554306,0.527644753456116,0
"94",38.25,-2.75,0.45241504907608,0.219480499625206,0
"95",38.25,-2.25,0.393430411815643,0.200573861598969,0
"96",38.25,-1.75,0.431894868612289,0.192023500800133,0
"97",38.25,-1.25,0.405190855264664,0.131572812795639,0
"98",38.25,-0.75,0.386451929807663,0.13975203037262,0
"99",38.25,-0.25,0.34017425775528,0.197865083813667,0
"100",38.25,0.25,0.343014776706696,0.22811958193779,0
"101",38.25,0.75,0.292573779821396,0.288182318210602,NA
"102",38.25,1.25,0.178931295871735,0.431987076997757,NA
"103",38.25,1.75,0.157292157411575,0.511662006378174,NA
"104",38.25,2.25,0.220357701182365,0.527480661869049,NA
"105",38.25,2.75,0.217885985970497,0.620436012744904,NA
"106",38.25,3.25,0.295774519443512,0.591174840927124,NA
"107",38.75,-4.25,0.436135202646255,0.564986288547516,0
"108",38.75,-3.75,0.457052767276764,0.566124379634857,0
"109",38.75,-3.25,0.482645034790039,0.34381777048111,0
"110",38.75,-2.75,0.490576714277267,0.213599488139153,0
"111",38.75,-2.25,0.443944066762924,0.246247857809067,0
"112",38.75,-1.75,0.40215802192688,0.268231570720673,0
"113",38.75,-1.25,0.393179625272751,0.258014708757401,0
"114",38.75,-0.75,0.441149801015854,0.289668500423431,0
"115",38.75,-0.25,0.42000275850296,0.37316220998764,0
"116",38.75,0.25,0.434868991374969,0.361769050359726,0
"117",38.75,0.75,0.267758339643478,0.384661585092545,NA
"118",38.75,1.25,0.157974034547806,0.463626563549042,NA
"119",38.75,1.75,0.115213744342327,0.49266505241394,NA
"120",38.75,2.25,0.217428743839264,0.655655860900879,NA
"121",38.75,2.75,0.260024935007095,0.676884531974792,NA
"122",38.75,3.25,0.311133474111557,0.610271751880646,NA
"123",39.25,-4.25,0.528987348079681,0.333765357732773,0
"124",39.25,-3.75,0.525210678577423,0.252624154090881,NA
"125",39.25,-3.25,0.502776682376862,0.29323422908783,0
"126",39.25,-2.75,0.495958715677261,0.308086812496185,NA
"127",39.25,-2.25,0.472167670726776,0.374016553163528,NA
"128",39.25,-1.75,0.442312717437744,0.408644050359726,NA
"129",39.25,-1.25,0.413354933261871,0.432428419589996,NA
"130",39.25,-0.75,0.357004851102829,0.442243695259094,NA
"131",39.25,-0.25,0.202889814972878,0.437554925680161,0
"132",39.25,0.25,0.173228204250336,0.446979880332947,0
"133",39.25,0.75,0.129623621702194,0.412469297647476,NA
"134",39.25,1.25,0.137309968471527,0.485906034708023,NA
"135",39.25,1.75,0.0873312056064606,0.53637683391571,NA
"136",39.25,2.25,0.130984500050545,0.66225266456604,NA
"137",39.25,2.75,0.175557404756546,0.684251129627228,NA
"138",39.25,3.25,0.245125457644463,0.618729650974274,NA
"139",39.75,-3.75,NA,NA,0
"140",39.75,-3.25,NA,NA,0
"141",39.75,-2.75,0.52351838350296,0.297243505716324,NA
"142",39.75,-2.25,0.492436766624451,0.349671959877014,NA
"143",39.75,-1.75,0.491381198167801,0.460182309150696,NA
"144",39.75,-1.25,0.417724400758743,0.47426500916481,NA
"145",39.75,-0.75,0.221033290028572,0.38844895362854,0
"146",39.75,-0.25,0.0946501418948174,0.344994753599167,0
"147",39.75,0.25,0.0555701479315758,0.358421087265015,0
"148",39.75,0.75,0.0608246177434921,0.34508427977562,0
"149",39.75,1.25,0.0760291963815689,0.471958577632904,0
"150",39.75,1.75,0.0562893450260162,0.567572116851807,0
"151",39.75,2.25,0.0855688899755478,0.66339898109436,0
"152",39.75,2.75,0.101604752242565,0.662256717681885,0
"153",39.75,3.25,0.215016350150108,0.628818929195404,0
"154",40.25,-2.25,0.541141152381897,0.366573959589005,0
"155",40.25,-1.75,0.477049946784973,0.320615857839584,0
"156",40.25,-1.25,0.376780956983566,0.428256511688232,0
"157",40.25,-0.75,0.205542668700218,0.450323522090912,0
"158",40.25,-0.25,0.100662834942341,0.360779106616974,0
"159",40.25,0.25,0.0523908026516438,0.35210582613945,0
"160",40.25,0.75,0.034951813519001,0.354964673519135,0
"161",40.25,1.25,0.0406008996069431,0.449320316314697,0
"162",40.25,1.75,0.0464614741504192,0.512214422225952,0
"163",40.25,2.25,0.0906909331679344,0.639569640159607,0
"164",40.25,2.75,0.0963290631771088,0.692064940929413,0
"165",40.25,3.25,0.109602764248848,0.675684690475464,0
"166",40.25,3.75,0.134436130523682,0.617663562297821,0
"167",40.75,-2.25,NA,NA,0
"168",40.75,-1.75,0.512103319168091,0.385883837938309,NA
"169",40.75,-1.25,0.443682968616486,0.350047469139099,NA
"170",40.75,-0.75,0.257426798343658,0.311210960149765,0
"171",40.75,-0.25,0.12656232714653,0.301804423332214,0
"172",40.75,0.25,0.0846268981695175,0.356547623872757,0
"173",40.75,0.75,0.0525306388735771,0.386170625686646,0
"174",40.75,1.25,0.0493090003728867,0.440566539764404,0
"175",40.75,1.75,0.0413578785955906,0.469110906124115,0
"176",40.75,2.25,0.0589948855340481,0.546335160732269,0
"177",40.75,2.75,0.0952121168375015,0.601082265377045,0
"178",40.75,3.25,0.0990068465471268,0.645980358123779,0
"179",40.75,3.75,0.101179338991642,0.619013369083405,0
"180",40.75,4.25,0.133231863379478,0.581738173961639,0
"181",41.25,-1.75,NA,NA,0
"182",41.25,-1.25,0.470735311508179,0.456489682197571,NA
"183",41.25,3.25,0.0763789713382721,0.582558810710907,0
"184",41.25,3.75,0.0442459918558598,0.556710422039032,0
