field_1,longitude,latitude,NMdata.EA_ag,WDPAID,WDPA_PID,PA_DEF,NAME,ORIG_NAME,DESIG,DESIG_ENG,DESIG_TYPE,IUCN_CAT,INT_CRIT,MARINE,REP_M_AREA,GIS_M_AREA,REP_AREA,GIS_AREA,NO_TAKE,NO_TK_AREA,STATUS,STATUS_YR,GOV_TYPE,OWN_TYPE,MANG_AUTH,MANG_PLAN,VERIF,METADATAID,SUB_LOC,PARENT_ISO,ISO3,SUPP_INFO,CONS_OBJ,layer,path
"1",34.25,-0.75,"0.605000019073486",,,,,,,,,,,,,,,,,,,,,,,,,,,,,,,,
"2",34.25,-0.25,"0.605000019073486",,,,,,,,,,,,,,,,,,,,,,,,,,,,,,,,
"3",34.25,0.25,"0.605000019073486",,,,,,,,,,,,,,,,,,,,,,,,,,,,,,,,
"4",34.25,4.25,"0.405000001192093",,,,,,,,,,,,,,,,,,,,,,,,,,,,,,,,
"5",34.75,-1.25,"0.704999983310699",,,,,,,,,,,,,,,,,,,,,,,,,,,,,,,,
"6",34.75,-0.75,"0.704999983310699",,,,,,,,,,,,,,,,,,,,,,,,,,,,,,,,
"7",34.75,0.25,"0.605000019073486",,,,,,,,,,,,,,,,,,,,,,,,,,,,,,,,
"8",34.75,0.75,"0.605000019073486",,,,,,,,,,,,,,,,,,,,,,,,,,,,,,,,
"9",34.75,3.25,"0.405000001192093",,,,,,,,,,,,,,,,,,,,,,,,,,,,,,,,
"10",34.75,3.75,"0.405000001192093",,,,,,,,,,,,,,,,,,,,,,,,,,,,,,,,
"11",34.75,4.25,"0.405000001192093",,,,,,,,,,,,,,,,,,,,,,,,,,,,,,,,
"12",35.25,-1.25,"0.025000000372529",555555515.000000000000000,"555555515","1",Motorogi,Motorogi,Community Conservancy,Community Conservancy,National,Not Reported,Not Applicable,"0",0.000000000000000,0.000000000000000,54.659999999999997,63.881446140874402,Not Applicable,0.000000000000000,Designated,"2006",Local communities,Not Reported,Not Reported,Not Reported,Not Reported,"1714",Not Reported,KEN,KEN,Not Applicable,Not Applicable,WDPA_WDOECM_Jan2024_Public_KEN_shp-polygons,/Users/meeraburghardt/Desktop/WDPA_WDOECM_Jan2024_Public_KEN_shp/WDPA_WDOECM_Jan2024_Public_KEN_shp_2/WDPA_WDOECM_Jan2024_Public_KEN_shp-polygons.shp
"13",35.25,-0.75,"0.504999995231628",,,,,,,,,,,,,,,,,,,,,,,,,,,,,,,,
"14",35.25,-0.25,"0.504999995231628",,,,,,,,,,,,,,,,,,,,,,,,,,,,,,,,
"15",35.25,0.25,"0.504999995231628",,,,,,,,,,,,,,,,,,,,,,,,,,,,,,,,
"16",35.25,0.75,"0.504999995231628",,,,,,,,,,,,,,,,,,,,,,,,,,,,,,,,
"17",35.25,1.25,NA,,,,,,,,,,,,,,,,,,,,,,,,,,,,,,,,
"18",35.25,1.75,NA,,,,,,,,,,,,,,,,,,,,,,,,,,,,,,,,
"19",35.25,2.25,"0.405000001192093",,,,,,,,,,,,,,,,,,,,,,,,,,,,,,,,
"20",35.25,2.75,"0.405000001192093",,,,,,,,,,,,,,,,,,,,,,,,,,,,,,,,
"21",35.25,3.25,"0.405000001192093",,,,,,,,,,,,,,,,,,,,,,,,,,,,,,,,
"22",35.25,3.75,"0.405000001192093",,,,,,,,,,,,,,,,,,,,,,,,,,,,,,,,
"23",35.25,4.25,"0.405000001192093",,,,,,,,,,,,,,,,,,,,,,,,,,,,,,,,
"24",35.75,-1.75,"0.025000000372529",,,,,,,,,,,,,,,,,,,,,,,,,,,,,,,,
"25",35.75,-1.25,"0.025000000372529",,,,,,,,,,,,,,,,,,,,,,,,,,,,,,,,
"26",35.75,-0.75,"0.025000000372529",,,,,,,,,,,,,,,,,,,,,,,,,,,,,,,,
"27",35.75,-0.25,"0.025000000372529",,,,,,,,,,,,,,,,,,,,,,,,,,,,,,,,
"28",35.75,0.25,"0.405000001192093",,,,,,,,,,,,,,,,,,,,,,,,,,,,,,,,
"29",35.75,0.75,"0.405000001192093",,,,,,,,,,,,,,,,,,,,,,,,,,,,,,,,
"30",35.75,1.25,NA,,,,,,,,,,,,,,,,,,,,,,,,,,,,,,,,
"31",35.75,1.75,NA,2419.000000000000000,"2419","1",South Turkana,South Turkana,National Reserve,National Reserve,National,II,Not Applicable,"0",0.000000000000000,0.000000000000000,1091.000000000000000,1085.552427170219971,Not Applicable,0.000000000000000,Designated,"1979",Federal or national ministry or agency,State,Kenya Wildlife Service,Not Reported,State Verified,"933",Not Reported,KEN,KEN,Not Applicable,Not Applicable,WDPA_WDOECM_Jan2024_Public_KEN_shp-polygons,/Users/meeraburghardt/Desktop/WDPA_WDOECM_Jan2024_Public_KEN_shp/WDPA_WDOECM_Jan2024_Public_KEN_shp_0/WDPA_WDOECM_Jan2024_Public_KEN_shp-polygons.shp
"32",35.75,2.25,"0.405000001192093",,,,,,,,,,,,,,,,,,,,,,,,,,,,,,,,
"33",35.75,2.75,"0.405000001192093",,,,,,,,,,,,,,,,,,,,,,,,,,,,,,,,
"34",35.75,3.25,"0.405000001192093",,,,,,,,,,,,,,,,,,,,,,,,,,,,,,,,
"35",35.75,3.75,"0.405000001192093",,,,,,,,,,,,,,,,,,,,,,,,,,,,,,,,
"36",35.75,4.25,"0.405000001192093",,,,,,,,,,,,,,,,,,,,,,,,,,,,,,,,
"37",36.25,-2.25,"0.025000000372529",,,,,,,,,,,,,,,,,,,,,,,,,,,,,,,,
"38",36.25,-1.75,"0.025000000372529",,,,,,,,,,,,,,,,,,,,,,,,,,,,,,,,
"39",36.25,-1.25,"0.025000000372529",,,,,,,,,,,,,,,,,,,,,,,,,,,,,,,,
"40",36.25,-0.75,"0.025000000372529",,,,,,,,,,,,,,,,,,,,,,,,,,,,,,,,
"41",36.25,-0.25,"0.025000000372529",7542.000000000000000,"7542","1",Bahati,Bahati,Forest Reserve,Forest Reserve,National,Not Reported,Not Applicable,"0",0.000000000000000,0.000000000000000,101.010000000000005,112.703710582957996,Not Applicable,0.000000000000000,Designated,"1932",Not Reported,Not Reported,Not Reported,Not Reported,State Verified,"178",KE-200,KEN,KEN,Not Applicable,Not Applicable,WDPA_WDOECM_Jan2024_Public_KEN_shp-polygons,/Users/meeraburghardt/Desktop/WDPA_WDOECM_Jan2024_Public_KEN_shp/WDPA_WDOECM_Jan2024_Public_KEN_shp_0/WDPA_WDOECM_Jan2024_Public_KEN_shp-polygons.shp
"42",36.25,0.25,NA,7702.000000000000000,"7702","1",Ol-arabel,Ol-arabel,Forest Reserve,Forest Reserve,National,Not Reported,Not Applicable,"0",0.000000000000000,0.000000000000000,97.379999999999995,99.598365373427015,Not Applicable,0.000000000000000,Designated,"1941",Not Reported,Not Reported,Not Reported,Not Reported,State Verified,"178",KE-700,KEN,KEN,Not Applicable,Not Applicable,WDPA_WDOECM_Jan2024_Public_KEN_shp-polygons,/Users/meeraburghardt/Desktop/WDPA_WDOECM_Jan2024_Public_KEN_shp/WDPA_WDOECM_Jan2024_Public_KEN_shp_1/WDPA_WDOECM_Jan2024_Public_KEN_shp-polygons.shp
"43",36.25,0.75,NA,,,,,,,,,,,,,,,,,,,,,,,,,,,,,,,,
"44",36.25,1.25,NA,,,,,,,,,,,,,,,,,,,,,,,,,,,,,,,,
"45",36.25,1.75,"0.025000000372529",,,,,,,,,,,,,,,,,,,,,,,,,,,,,,,,
"46",36.25,2.25,"0.405000001192093",,,,,,,,,,,,,,,,,,,,,,,,,,,,,,,,
"47",36.25,2.75,"0.405000001192093",,,,,,,,,,,,,,,,,,,,,,,,,,,,,,,,
"48",36.25,4.25,"0.104999996721745",754.000000000000000,"754","1",Sibiloi,Sibiloi,National Park,National Park,National,II,Not Applicable,"0",0.000000000000000,0.000000000000000,1570.000000000000000,1542.561771147589980,Not Applicable,0.000000000000000,Designated,"1973",Federal or national ministry or agency,State,Kenya Wildlife Service,Not Reported,State Verified,"933",Not Reported,KEN,KEN,Not Applicable,Not Applicable,WDPA_WDOECM_Jan2024_Public_KEN_shp-polygons,/Users/meeraburghardt/Desktop/WDPA_WDOECM_Jan2024_Public_KEN_shp/WDPA_WDOECM_Jan2024_Public_KEN_shp_0/WDPA_WDOECM_Jan2024_Public_KEN_shp-polygons.shp
"49",36.75,-2.25,"0.025000000372529",,,,,,,,,,,,,,,,,,,,,,,,,,,,,,,,
"50",36.75,-1.75,"0.025000000372529",,,,,,,,,,,,,,,,,,,,,,,,,,,,,,,,
"51",36.75,-1.25,"0.704999983310699",,,,,,,,,,,,,,,,,,,,,,,,,,,,,,,,
"52",36.75,-0.75,"0.704999983310699",33435.000000000000000,"33435","1",Aberdare,Aberdare,Forest Reserve,Forest Reserve,National,Not Reported,Not Applicable,"0",0.000000000000000,0.000000000000000,1033.160000000000082,953.253994171897034,Not Applicable,0.000000000000000,Designated,"1943",Federal or national ministry or agency,Not Reported,Not Reported,Not Reported,Not Reported,"1714",Not Reported,KEN,KEN,Not Applicable,Not Applicable,WDPA_WDOECM_Jan2024_Public_KEN_shp-polygons,/Users/meeraburghardt/Desktop/WDPA_WDOECM_Jan2024_Public_KEN_shp/WDPA_WDOECM_Jan2024_Public_KEN_shp_1/WDPA_WDOECM_Jan2024_Public_KEN_shp-polygons.shp
"53",36.75,-0.25,"0.025000000372529",,,,,,,,,,,,,,,,,,,,,,,,,,,,,,,,
"54",36.75,0.25,"0.025000000372529",,,,,,,,,,,,,,,,,,,,,,,,,,,,,,,,
"55",36.75,0.75,"0.025000000372529",,,,,,,,,,,,,,,,,,,,,,,,,,,,,,,,
"56",36.75,1.25,"0.025000000372529",,,,,,,,,,,,,,,,,,,,,,,,,,,,,,,,
"57",36.75,1.75,"0.025000000372529",,,,,,,,,,,,,,,,,,,,,,,,,,,,,,,,
"58",36.75,2.25,"0.025000000372529",,,,,,,,,,,,,,,,,,,,,,,,,,,,,,,,
"59",36.75,2.75,"0.025000000372529",,,,,,,,,,,,,,,,,,,,,,,,,,,,,,,,
"60",36.75,3.25,"0.104999996721745",,,,,,,,,,,,,,,,,,,,,,,,,,,,,,,,
"61",36.75,3.75,"0.104999996721745",,,,,,,,,,,,,,,,,,,,,,,,,,,,,,,,
"62",36.75,4.25,"0.104999996721745",,,,,,,,,,,,,,,,,,,,,,,,,,,,,,,,
"63",37.25,-2.75,"0.025000000372529",,,,,,,,,,,,,,,,,,,,,,,,,,,,,,,,
"64",37.25,-2.25,"0.025000000372529",,,,,,,,,,,,,,,,,,,,,,,,,,,,,,,,
"65",37.25,-1.75,"0.605000019073486",,,,,,,,,,,,,,,,,,,,,,,,,,,,,,,,
"66",37.25,-1.25,"0.605000019073486",,,,,,,,,,,,,,,,,,,,,,,,,,,,,,,,
"67",37.25,-0.75,"0.704999983310699",,,,,,,,,,,,,,,,,,,,,,,,,,,,,,,,
"68",37.25,-0.25,"0.704999983310699",145585.000000000000000,"145585","1",Mount Kenya National Park/Natural Forest,Parc national/Forêt naturelle du mont Kenya,World Heritage Site (natural or mixed),World Heritage Site (natural or mixed),International,Not Applicable,(vii)(ix),"0",0.000000000000000,0.000000000000000,2023.339999999999918,1989.240249128859887,Not Applicable,0.000000000000000,Inscribed,"1997",Not Reported,Not Reported,Not Reported,Not Reported,State Verified,"946",Not Reported,KEN,KEN,Not Applicable,Not Applicable,WDPA_WDOECM_Jan2024_Public_KEN_shp-polygons,/Users/meeraburghardt/Desktop/WDPA_WDOECM_Jan2024_Public_KEN_shp/WDPA_WDOECM_Jan2024_Public_KEN_shp_2/WDPA_WDOECM_Jan2024_Public_KEN_shp-polygons.shp
"68",37.25,-0.25,"0.704999983310699",555622007.000000000000000,"555622007","1",Mt. Kenya,Mt. Kenya,National Reserve,National Reserve,National,II,Not Applicable,"0",0.000000000000000,0.000000000000000,2124.000000000000000,2119.944097910250093,Not Applicable,0.000000000000000,Designated,"2000",Federal or national ministry or agency,State,Kenya Wildlife Service,Not Reported,State Verified,"933",Not Reported,KEN,KEN,Not Applicable,Not Applicable,WDPA_WDOECM_Jan2024_Public_KEN_shp-polygons,/Users/meeraburghardt/Desktop/WDPA_WDOECM_Jan2024_Public_KEN_shp/WDPA_WDOECM_Jan2024_Public_KEN_shp_2/WDPA_WDOECM_Jan2024_Public_KEN_shp-polygons.shp
"68",37.25,-0.25,"0.704999983310699",7661.000000000000000,"7661","1",Mount Kenya,Mount Kenya,Forest Reserve,Forest Reserve,National,Not Reported,Not Applicable,"0",0.000000000000000,0.000000000000000,2009.740000000000009,2136.415113901579844,Not Applicable,0.000000000000000,Designated,"1943",Federal or national ministry or agency,Not Reported,Not Reported,Not Reported,Not Reported,"1714",Not Reported,KEN,KEN,Not Applicable,Not Applicable,WDPA_WDOECM_Jan2024_Public_KEN_shp-polygons,/Users/meeraburghardt/Desktop/WDPA_WDOECM_Jan2024_Public_KEN_shp/WDPA_WDOECM_Jan2024_Public_KEN_shp_1/WDPA_WDOECM_Jan2024_Public_KEN_shp-polygons.shp
"69",37.25,0.25,"0.025000000372529",555555494.000000000000000,"555555494","1",Borana,Borana,Private Ranch,Private Ranch,National,Not Reported,Not Applicable,"0",0.000000000000000,0.000000000000000,141.000000000000000,119.877200208702007,Not Applicable,0.000000000000000,Designated,"1990",Non-profit organisations,Not Reported,Not Reported,Not Reported,Not Reported,"1714",Not Reported,KEN,KEN,Not Applicable,Not Applicable,WDPA_WDOECM_Jan2024_Public_KEN_shp-polygons,/Users/meeraburghardt/Desktop/WDPA_WDOECM_Jan2024_Public_KEN_shp/WDPA_WDOECM_Jan2024_Public_KEN_shp_2/WDPA_WDOECM_Jan2024_Public_KEN_shp-polygons.shp
"70",37.25,0.75,"0.025000000372529",555555508.000000000000000,"555555508","1",Mpus Kutuk Community Conservancy,Mpus Kutuk Community Conservancy,Community Nature Reserve,Community Nature Reserve,National,Not Reported,Not Applicable,"0",0.000000000000000,0.000000000000000,544.548953999999981,548.136528255705002,Not Applicable,0.000000000000000,Not Reported,"2007",Indigenous peoples,Not Reported,Community,Not Reported,Not Reported,"1775",Not Reported,KEN,KEN,Not Applicable,Not Applicable,WDPA_WDOECM_Jan2024_Public_KEN_shp-polygons,/Users/meeraburghardt/Desktop/WDPA_WDOECM_Jan2024_Public_KEN_shp/WDPA_WDOECM_Jan2024_Public_KEN_shp_2/WDPA_WDOECM_Jan2024_Public_KEN_shp-polygons.shp
"71",37.25,1.25,"0.025000000372529",7649.000000000000000,"7649","1",Mathews Range,Mathews Range,Forest Reserve,Forest Reserve,National,Not Reported,Not Applicable,"0",0.000000000000000,0.000000000000000,973.919999999999959,974.990566551153961,Not Applicable,0.000000000000000,Designated,"1956",Federal or national ministry or agency,Not Reported,Not Reported,Not Reported,Not Reported,"1714",KE-700,KEN,KEN,Not Applicable,Not Applicable,WDPA_WDOECM_Jan2024_Public_KEN_shp-polygons,/Users/meeraburghardt/Desktop/WDPA_WDOECM_Jan2024_Public_KEN_shp/WDPA_WDOECM_Jan2024_Public_KEN_shp_1/WDPA_WDOECM_Jan2024_Public_KEN_shp-polygons.shp
"72",37.25,1.75,"0.025000000372529",7685.000000000000000,"7685","1",Ndotos Range,Ndotos Range,Forest Reserve,Forest Reserve,National,Not Reported,Not Applicable,"0",0.000000000000000,0.000000000000000,932.049999999999955,958.344865325380056,Not Applicable,0.000000000000000,Designated,"1956",Not Reported,Not Reported,Not Reported,Not Reported,State Verified,"178",KE-700,KEN,KEN,Not Applicable,Not Applicable,WDPA_WDOECM_Jan2024_Public_KEN_shp-polygons,/Users/meeraburghardt/Desktop/WDPA_WDOECM_Jan2024_Public_KEN_shp/WDPA_WDOECM_Jan2024_Public_KEN_shp_1/WDPA_WDOECM_Jan2024_Public_KEN_shp-polygons.shp
"73",37.25,2.25,"0.025000000372529",,,,,,,,,,,,,,,,,,,,,,,,,,,,,,,,
"74",37.25,2.75,"0.104999996721745",,,,,,,,,,,,,,,,,,,,,,,,,,,,,,,,
"75",37.25,3.25,"0.104999996721745",,,,,,,,,,,,,,,,,,,,,,,,,,,,,,,,
"76",37.25,3.75,"0.104999996721745",,,,,,,,,,,,,,,,,,,,,,,,,,,,,,,,
"77",37.75,-3.25,"0.605000019073486",,,,,,,,,,,,,,,,,,,,,,,,,,,,,,,,
"78",37.75,-2.75,"0.025000000372529",,,,,,,,,,,,,,,,,,,,,,,,,,,,,,,,
"79",37.75,-2.25,"0.605000019073486",,,,,,,,,,,,,,,,,,,,,,,,,,,,,,,,
"80",37.75,-1.75,"0.605000019073486",,,,,,,,,,,,,,,,,,,,,,,,,,,,,,,,
"81",37.75,-1.25,"0.605000019073486",,,,,,,,,,,,,,,,,,,,,,,,,,,,,,,,
"82",37.75,-0.75,"0.605000019073486",,,,,,,,,,,,,,,,,,,,,,,,,,,,,,,,
"83",37.75,-0.25,"0.605000019073486",,,,,,,,,,,,,,,,,,,,,,,,,,,,,,,,
"84",37.75,0.25,"0.605000019073486",,,,,,,,,,,,,,,,,,,,,,,,,,,,,,,,
"85",37.75,0.75,NA,555555498.000000000000000,"555555498","1",Sera Community Conservancy,Sera Community Conservancy,Community Nature Reserve,Community Nature Reserve,National,Not Reported,Not Applicable,"0",0.000000000000000,0.000000000000000,3393.355746000000181,3417.419956600820115,Not Applicable,0.000000000000000,Not Reported,"2001",Indigenous peoples,Not Reported,Community,Not Reported,Not Reported,"1775",Not Reported,KEN,KEN,Not Applicable,Not Applicable,WDPA_WDOECM_Jan2024_Public_KEN_shp-polygons,/Users/meeraburghardt/Desktop/WDPA_WDOECM_Jan2024_Public_KEN_shp/WDPA_WDOECM_Jan2024_Public_KEN_shp_2/WDPA_WDOECM_Jan2024_Public_KEN_shp-polygons.shp
"86",37.75,1.25,NA,555555498.000000000000000,"555555498","1",Sera Community Conservancy,Sera Community Conservancy,Community Nature Reserve,Community Nature Reserve,National,Not Reported,Not Applicable,"0",0.000000000000000,0.000000000000000,3393.355746000000181,3417.419956600820115,Not Applicable,0.000000000000000,Not Reported,"2001",Indigenous peoples,Not Reported,Community,Not Reported,Not Reported,"1775",Not Reported,KEN,KEN,Not Applicable,Not Applicable,WDPA_WDOECM_Jan2024_Public_KEN_shp-polygons,/Users/meeraburghardt/Desktop/WDPA_WDOECM_Jan2024_Public_KEN_shp/WDPA_WDOECM_Jan2024_Public_KEN_shp_2/WDPA_WDOECM_Jan2024_Public_KEN_shp-polygons.shp
"87",37.75,1.75,NA,555555503.000000000000000,"555555503","1",Melako Community Conservancy,Melako Community Conservancy,Community Nature Reserve,Community Nature Reserve,National,Not Reported,Not Applicable,"0",0.000000000000000,0.000000000000000,5491.247317000000294,5530.540677040569790,Not Applicable,0.000000000000000,Not Reported,"2004",Indigenous peoples,Not Reported,Community,Not Reported,Not Reported,"1775",Not Reported,KEN,KEN,Not Applicable,Not Applicable,WDPA_WDOECM_Jan2024_Public_KEN_shp-polygons,/Users/meeraburghardt/Desktop/WDPA_WDOECM_Jan2024_Public_KEN_shp/WDPA_WDOECM_Jan2024_Public_KEN_shp_2/WDPA_WDOECM_Jan2024_Public_KEN_shp-polygons.shp
"88",37.75,2.25,NA,,,,,,,,,,,,,,,,,,,,,,,,,,,,,,,,
"89",37.75,2.75,NA,,,,,,,,,,,,,,,,,,,,,,,,,,,,,,,,
"90",37.75,3.25,"0.104999996721745",,,,,,,,,,,,,,,,,,,,,,,,,,,,,,,,
"91",37.75,3.75,NA,,,,,,,,,,,,,,,,,,,,,,,,,,,,,,,,
"92",38.25,-3.75,"0.605000019073486",,,,,,,,,,,,,,,,,,,,,,,,,,,,,,,,
"93",38.25,-3.25,"0.605000019073486",,,,,,,,,,,,,,,,,,,,,,,,,,,,,,,,
"94",38.25,-2.75,"0.605000019073486",19564.000000000000000,"19564","1",Tsavo West,Tsavo West,National Park,National Park,National,II,Not Applicable,"0",0.000000000000000,0.000000000000000,9065.000000000000000,7024.077565837969814,Not Applicable,0.000000000000000,Designated,"1948",Federal or national ministry or agency,State,Kenya Wildlife Service,Not Reported,State Verified,"933",Not Reported,KEN,KEN,Not Applicable,Not Applicable,WDPA_WDOECM_Jan2024_Public_KEN_shp-polygons,/Users/meeraburghardt/Desktop/WDPA_WDOECM_Jan2024_Public_KEN_shp/WDPA_WDOECM_Jan2024_Public_KEN_shp_1/WDPA_WDOECM_Jan2024_Public_KEN_shp-polygons.shp
"95",38.25,-2.25,"0.605000019073486",752.000000000000000,"752","1",Tsavo East,Tsavo East,National Park,National Park,National,II,Not Applicable,"0",0.000000000000000,0.000000000000000,11747.000000000000000,13380.526763812502395,Not Applicable,0.000000000000000,Designated,"1948",Federal or national ministry or agency,State,Kenya Wildlife Service,Not Reported,State Verified,"933",Not Reported,KEN,KEN,Not Applicable,Not Applicable,WDPA_WDOECM_Jan2024_Public_KEN_shp-polygons,/Users/meeraburghardt/Desktop/WDPA_WDOECM_Jan2024_Public_KEN_shp/WDPA_WDOECM_Jan2024_Public_KEN_shp_0/WDPA_WDOECM_Jan2024_Public_KEN_shp-polygons.shp
"96",38.25,-1.75,"0.605000019073486",,,,,,,,,,,,,,,,,,,,,,,,,,,,,,,,
"97",38.25,-1.25,"0.605000019073486",,,,,,,,,,,,,,,,,,,,,,,,,,,,,,,,
"98",38.25,-0.75,"0.605000019073486",,,,,,,,,,,,,,,,,,,,,,,,,,,,,,,,
"99",38.25,-0.25,"0.605000019073486",,,,,,,,,,,,,,,,,,,,,,,,,,,,,,,,
"100",38.25,0.25,"0.605000019073486",2422.000000000000000,"2422","1",Bisandi,Bisandi,National Reserve,National Reserve,National,VI,Not Applicable,"0",0.000000000000000,0.000000000000000,606.000000000000000,606.815675352994958,Not Applicable,0.000000000000000,Designated,"1979",Federal or national ministry or agency,State,Kenya Wildlife Service,Not Reported,State Verified,"933",Not Reported,KEN,KEN,Not Applicable,Not Applicable,WDPA_WDOECM_Jan2024_Public_KEN_shp-polygons,/Users/meeraburghardt/Desktop/WDPA_WDOECM_Jan2024_Public_KEN_shp/WDPA_WDOECM_Jan2024_Public_KEN_shp_0/WDPA_WDOECM_Jan2024_Public_KEN_shp-polygons.shp
"101",38.25,0.75,NA,,,,,,,,,,,,,,,,,,,,,,,,,,,,,,,,
"102",38.25,1.25,NA,555555520.000000000000000,"555555520","1",Biliqo-Bulesa Community Conservancy,Biliqo-Bulesa Community Conservancy,Community Nature Reserve,Community Nature Reserve,National,Not Reported,Not Applicable,"0",0.000000000000000,0.000000000000000,3784.823327000000063,3812.709415855309999,Not Applicable,0.000000000000000,Not Reported,"2007",Indigenous peoples,Not Reported,Community,Not Reported,Not Reported,"1775",Not Reported,KEN,KEN,Not Applicable,Not Applicable,WDPA_WDOECM_Jan2024_Public_KEN_shp-polygons,/Users/meeraburghardt/Desktop/WDPA_WDOECM_Jan2024_Public_KEN_shp/WDPA_WDOECM_Jan2024_Public_KEN_shp_2/WDPA_WDOECM_Jan2024_Public_KEN_shp-polygons.shp
"103",38.25,1.75,NA,555555503.000000000000000,"555555503","1",Melako Community Conservancy,Melako Community Conservancy,Community Nature Reserve,Community Nature Reserve,National,Not Reported,Not Applicable,"0",0.000000000000000,0.000000000000000,5491.247317000000294,5530.540677040569790,Not Applicable,0.000000000000000,Not Reported,"2004",Indigenous peoples,Not Reported,Community,Not Reported,Not Reported,"1775",Not Reported,KEN,KEN,Not Applicable,Not Applicable,WDPA_WDOECM_Jan2024_Public_KEN_shp-polygons,/Users/meeraburghardt/Desktop/WDPA_WDOECM_Jan2024_Public_KEN_shp/WDPA_WDOECM_Jan2024_Public_KEN_shp_2/WDPA_WDOECM_Jan2024_Public_KEN_shp-polygons.shp
"104",38.25,2.25,NA,555566899.000000000000000,"555566899","1",Shura Community Conservancy,Shura Community Conservancy,Community Nature Reserve,Community Nature Reserve,National,Not Reported,Not Applicable,"0",0.000000000000000,0.000000000000000,4170.982358999999633,4202.093370835130372,Not Applicable,0.000000000000000,Not Reported,"2004",Indigenous peoples,Not Reported,Community,Not Reported,Not Reported,"1775",Not Reported,KEN,KEN,Not Applicable,Not Applicable,WDPA_WDOECM_Jan2024_Public_KEN_shp-polygons,/Users/meeraburghardt/Desktop/WDPA_WDOECM_Jan2024_Public_KEN_shp/WDPA_WDOECM_Jan2024_Public_KEN_shp_2/WDPA_WDOECM_Jan2024_Public_KEN_shp-polygons.shp
"105",38.25,2.75,NA,,,,,,,,,,,,,,,,,,,,,,,,,,,,,,,,
"106",38.25,3.25,NA,,,,,,,,,,,,,,,,,,,,,,,,,,,,,,,,
"107",38.75,-4.25,"0.605000019073486",,,,,,,,,,,,,,,,,,,,,,,,,,,,,,,,
"108",38.75,-3.75,"0.605000019073486",,,,,,,,,,,,,,,,,,,,,,,,,,,,,,,,
"109",38.75,-3.25,"0.605000019073486",752.000000000000000,"752","1",Tsavo East,Tsavo East,National Park,National Park,National,II,Not Applicable,"0",0.000000000000000,0.000000000000000,11747.000000000000000,13380.526763812502395,Not Applicable,0.000000000000000,Designated,"1948",Federal or national ministry or agency,State,Kenya Wildlife Service,Not Reported,State Verified,"933",Not Reported,KEN,KEN,Not Applicable,Not Applicable,WDPA_WDOECM_Jan2024_Public_KEN_shp-polygons,/Users/meeraburghardt/Desktop/WDPA_WDOECM_Jan2024_Public_KEN_shp/WDPA_WDOECM_Jan2024_Public_KEN_shp_0/WDPA_WDOECM_Jan2024_Public_KEN_shp-polygons.shp
"110",38.75,-2.75,"0.605000019073486",752.000000000000000,"752","1",Tsavo East,Tsavo East,National Park,National Park,National,II,Not Applicable,"0",0.000000000000000,0.000000000000000,11747.000000000000000,13380.526763812502395,Not Applicable,0.000000000000000,Designated,"1948",Federal or national ministry or agency,State,Kenya Wildlife Service,Not Reported,State Verified,"933",Not Reported,KEN,KEN,Not Applicable,Not Applicable,WDPA_WDOECM_Jan2024_Public_KEN_shp-polygons,/Users/meeraburghardt/Desktop/WDPA_WDOECM_Jan2024_Public_KEN_shp/WDPA_WDOECM_Jan2024_Public_KEN_shp_0/WDPA_WDOECM_Jan2024_Public_KEN_shp-polygons.shp
"111",38.75,-2.25,"0.605000019073486",752.000000000000000,"752","1",Tsavo East,Tsavo East,National Park,National Park,National,II,Not Applicable,"0",0.000000000000000,0.000000000000000,11747.000000000000000,13380.526763812502395,Not Applicable,0.000000000000000,Designated,"1948",Federal or national ministry or agency,State,Kenya Wildlife Service,Not Reported,State Verified,"933",Not Reported,KEN,KEN,Not Applicable,Not Applicable,WDPA_WDOECM_Jan2024_Public_KEN_shp-polygons,/Users/meeraburghardt/Desktop/WDPA_WDOECM_Jan2024_Public_KEN_shp/WDPA_WDOECM_Jan2024_Public_KEN_shp_0/WDPA_WDOECM_Jan2024_Public_KEN_shp-polygons.shp
"112",38.75,-1.75,"0.605000019073486",2590.000000000000000,"2590","1",South Kitui,South Kitui,National Reserve,National Reserve,National,VI,Not Applicable,"0",0.000000000000000,0.000000000000000,1833.000000000000000,1828.271234362510086,Not Applicable,0.000000000000000,Designated,"1979",Federal or national ministry or agency,State,Kenya Wildlife Service,Not Reported,State Verified,"933",Not Reported,KEN,KEN,Not Applicable,Not Applicable,WDPA_WDOECM_Jan2024_Public_KEN_shp-polygons,/Users/meeraburghardt/Desktop/WDPA_WDOECM_Jan2024_Public_KEN_shp/WDPA_WDOECM_Jan2024_Public_KEN_shp_0/WDPA_WDOECM_Jan2024_Public_KEN_shp-polygons.shp
"113",38.75,-1.25,"0.605000019073486",,,,,,,,,,,,,,,,,,,,,,,,,,,,,,,,
"114",38.75,-0.75,"0.605000019073486",,,,,,,,,,,,,,,,,,,,,,,,,,,,,,,,
"115",38.75,-0.25,"0.605000019073486",2416.000000000000000,"2416","1",Kora,Kora,National Park,National Park,National,II,Not Applicable,"0",0.000000000000000,0.000000000000000,1787.000000000000000,1790.228915156390030,Not Applicable,0.000000000000000,Designated,"1989",Federal or national ministry or agency,State,Kenya Wildlife Service,Not Reported,State Verified,"933",Not Reported,KEN,KEN,Not Applicable,Not Applicable,WDPA_WDOECM_Jan2024_Public_KEN_shp-polygons,/Users/meeraburghardt/Desktop/WDPA_WDOECM_Jan2024_Public_KEN_shp/WDPA_WDOECM_Jan2024_Public_KEN_shp_0/WDPA_WDOECM_Jan2024_Public_KEN_shp-polygons.shp
"116",38.75,0.25,"0.605000019073486",2418.000000000000000,"2418","1",Rahole,Rahole,National Reserve,National Reserve,National,VI,Not Applicable,"0",0.000000000000000,0.000000000000000,1270.000000000000000,1270.389667689989892,Not Applicable,0.000000000000000,Designated,"1976",Federal or national ministry or agency,State,Kenya Wildlife Service,Not Reported,State Verified,"933",Not Reported,KEN,KEN,Not Applicable,Not Applicable,WDPA_WDOECM_Jan2024_Public_KEN_shp-polygons,/Users/meeraburghardt/Desktop/WDPA_WDOECM_Jan2024_Public_KEN_shp/WDPA_WDOECM_Jan2024_Public_KEN_shp_0/WDPA_WDOECM_Jan2024_Public_KEN_shp-polygons.shp
"117",38.75,0.75,NA,,,,,,,,,,,,,,,,,,,,,,,,,,,,,,,,
"118",38.75,1.25,NA,,,,,,,,,,,,,,,,,,,,,,,,,,,,,,,,
"119",38.75,1.75,NA,,,,,,,,,,,,,,,,,,,,,,,,,,,,,,,,
"120",38.75,2.25,NA,555566899.000000000000000,"555566899","1",Shura Community Conservancy,Shura Community Conservancy,Community Nature Reserve,Community Nature Reserve,National,Not Reported,Not Applicable,"0",0.000000000000000,0.000000000000000,4170.982358999999633,4202.093370835130372,Not Applicable,0.000000000000000,Not Reported,"2004",Indigenous peoples,Not Reported,Community,Not Reported,Not Reported,"1775",Not Reported,KEN,KEN,Not Applicable,Not Applicable,WDPA_WDOECM_Jan2024_Public_KEN_shp-polygons,/Users/meeraburghardt/Desktop/WDPA_WDOECM_Jan2024_Public_KEN_shp/WDPA_WDOECM_Jan2024_Public_KEN_shp_2/WDPA_WDOECM_Jan2024_Public_KEN_shp-polygons.shp
"121",38.75,2.75,NA,,,,,,,,,,,,,,,,,,,,,,,,,,,,,,,,
"122",38.75,3.25,NA,,,,,,,,,,,,,,,,,,,,,,,,,,,,,,,,
"123",39.25,-4.25,"0.605000019073486",,,,,,,,,,,,,,,,,,,,,,,,,,,,,,,,
"124",39.25,-3.75,"0.605000019073486",,,,,,,,,,,,,,,,,,,,,,,,,,,,,,,,
"125",39.25,-3.25,"0.704999983310699",,,,,,,,,,,,,,,,,,,,,,,,,,,,,,,,
"126",39.25,-2.75,NA,,,,,,,,,,,,,,,,,,,,,,,,,,,,,,,,
"127",39.25,-2.25,NA,,,,,,,,,,,,,,,,,,,,,,,,,,,,,,,,
"128",39.25,-1.75,NA,,,,,,,,,,,,,,,,,,,,,,,,,,,,,,,,
"129",39.25,-1.25,NA,,,,,,,,,,,,,,,,,,,,,,,,,,,,,,,,
"130",39.25,-0.75,NA,,,,,,,,,,,,,,,,,,,,,,,,,,,,,,,,
"131",39.25,-0.25,"0.605000019073486",,,,,,,,,,,,,,,,,,,,,,,,,,,,,,,,
"132",39.25,0.25,"0.405000001192093",,,,,,,,,,,,,,,,,,,,,,,,,,,,,,,,
"133",39.25,0.75,NA,,,,,,,,,,,,,,,,,,,,,,,,,,,,,,,,
"134",39.25,1.25,NA,,,,,,,,,,,,,,,,,,,,,,,,,,,,,,,,
"135",39.25,1.75,NA,,,,,,,,,,,,,,,,,,,,,,,,,,,,,,,,
"136",39.25,2.25,NA,,,,,,,,,,,,,,,,,,,,,,,,,,,,,,,,
"137",39.25,2.75,NA,,,,,,,,,,,,,,,,,,,,,,,,,,,,,,,,
"138",39.25,3.25,NA,,,,,,,,,,,,,,,,,,,,,,,,,,,,,,,,
"139",39.75,-3.75,"0.405000001192093",,,,,,,,,,,,,,,,,,,,,,,,,,,,,,,,
"140",39.75,-3.25,"0.704999983310699",,,,,,,,,,,,,,,,,,,,,,,,,,,,,,,,
"141",39.75,-2.75,NA,,,,,,,,,,,,,,,,,,,,,,,,,,,,,,,,
"142",39.75,-2.25,NA,,,,,,,,,,,,,,,,,,,,,,,,,,,,,,,,
"143",39.75,-1.75,NA,,,,,,,,,,,,,,,,,,,,,,,,,,,,,,,,
"144",39.75,-1.25,NA,,,,,,,,,,,,,,,,,,,,,,,,,,,,,,,,
"145",39.75,-0.75,"0.605000019073486",,,,,,,,,,,,,,,,,,,,,,,,,,,,,,,,
"146",39.75,-0.25,"0.405000001192093",,,,,,,,,,,,,,,,,,,,,,,,,,,,,,,,
"147",39.75,0.25,"0.405000001192093",,,,,,,,,,,,,,,,,,,,,,,,,,,,,,,,
"148",39.75,0.75,"0.405000001192093",,,,,,,,,,,,,,,,,,,,,,,,,,,,,,,,
"149",39.75,1.25,"0.405000001192093",,,,,,,,,,,,,,,,,,,,,,,,,,,,,,,,
"150",39.75,1.75,"0.405000001192093",,,,,,,,,,,,,,,,,,,,,,,,,,,,,,,,
"151",39.75,2.25,"0.405000001192093",,,,,,,,,,,,,,,,,,,,,,,,,,,,,,,,
"152",39.75,2.75,"0.405000001192093",,,,,,,,,,,,,,,,,,,,,,,,,,,,,,,,
"153",39.75,3.25,"0.405000001192093",,,,,,,,,,,,,,,,,,,,,,,,,,,,,,,,
"154",40.25,-2.25,"0.605000019073486",555555521.000000000000000,"555555521","1",Hanshak-Nyongoro Community Conservancy,Hanshak-Nyongoro Community Conservancy,Community Nature Reserve,Community Nature Reserve,National,Not Reported,Not Applicable,"0",0.000000000000000,0.000000000000000,792.000000000000000,789.361969120736035,Not Applicable,0.000000000000000,Not Reported,"2010",Indigenous peoples,Not Reported,Community,Not Reported,Not Reported,"1775",Not Reported,KEN,KEN,Not Applicable,Not Applicable,WDPA_WDOECM_Jan2024_Public_KEN_shp-polygons,/Users/meeraburghardt/Desktop/WDPA_WDOECM_Jan2024_Public_KEN_shp/WDPA_WDOECM_Jan2024_Public_KEN_shp_2/WDPA_WDOECM_Jan2024_Public_KEN_shp-polygons.shp
"155",40.25,-1.75,"0.605000019073486",,,,,,,,,,,,,,,,,,,,,,,,,,,,,,,,
"156",40.25,-1.25,"0.605000019073486",,,,,,,,,,,,,,,,,,,,,,,,,,,,,,,,
"157",40.25,-0.75,"0.405000001192093",,,,,,,,,,,,,,,,,,,,,,,,,,,,,,,,
"158",40.25,-0.25,"0.405000001192093",,,,,,,,,,,,,,,,,,,,,,,,,,,,,,,,
"159",40.25,0.25,"0.405000001192093",,,,,,,,,,,,,,,,,,,,,,,,,,,,,,,,
"160",40.25,0.75,"0.405000001192093",,,,,,,,,,,,,,,,,,,,,,,,,,,,,,,,
"161",40.25,1.25,"0.405000001192093",,,,,,,,,,,,,,,,,,,,,,,,,,,,,,,,
"162",40.25,1.75,"0.405000001192093",,,,,,,,,,,,,,,,,,,,,,,,,,,,,,,,
"163",40.25,2.25,"0.405000001192093",,,,,,,,,,,,,,,,,,,,,,,,,,,,,,,,
"164",40.25,2.75,"0.405000001192093",,,,,,,,,,,,,,,,,,,,,,,,,,,,,,,,
"165",40.25,3.25,"0.405000001192093",,,,,,,,,,,,,,,,,,,,,,,,,,,,,,,,
"166",40.25,3.75,"0.405000001192093",,,,,,,,,,,,,,,,,,,,,,,,,,,,,,,,
"167",40.75,-2.25,"0.405000001192093",,,,,,,,,,,,,,,,,,,,,,,,,,,,,,,,
"168",40.75,-1.75,NA,,,,,,,,,,,,,,,,,,,,,,,,,,,,,,,,
"169",40.75,-1.25,NA,,,,,,,,,,,,,,,,,,,,,,,,,,,,,,,,
"170",40.75,-0.75,"0.405000001192093",,,,,,,,,,,,,,,,,,,,,,,,,,,,,,,,
"171",40.75,-0.25,"0.405000001192093",,,,,,,,,,,,,,,,,,,,,,,,,,,,,,,,
"172",40.75,0.25,"0.405000001192093",,,,,,,,,,,,,,,,,,,,,,,,,,,,,,,,
"173",40.75,0.75,"0.405000001192093",,,,,,,,,,,,,,,,,,,,,,,,,,,,,,,,
"174",40.75,1.25,"0.405000001192093",,,,,,,,,,,,,,,,,,,,,,,,,,,,,,,,
"175",40.75,1.75,"0.405000001192093",,,,,,,,,,,,,,,,,,,,,,,,,,,,,,,,
"176",40.75,2.25,"0.405000001192093",,,,,,,,,,,,,,,,,,,,,,,,,,,,,,,,
"177",40.75,2.75,"0.405000001192093",,,,,,,,,,,,,,,,,,,,,,,,,,,,,,,,
"178",40.75,3.25,"0.405000001192093",,,,,,,,,,,,,,,,,,,,,,,,,,,,,,,,
"179",40.75,3.75,"0.405000001192093",,,,,,,,,,,,,,,,,,,,,,,,,,,,,,,,
"180",40.75,4.25,"0.405000001192093",19726.000000000000000,"19726","1",Malka Mari,Malka Mari,National Park,National Park,National,II,Not Applicable,"0",0.000000000000000,0.000000000000000,876.000000000000000,876.419693642669017,Not Applicable,0.000000000000000,Designated,"1989",Federal or national ministry or agency,State,Kenya Wildlife Service,Not Reported,State Verified,"933",Not Reported,KEN,KEN,Not Applicable,Not Applicable,WDPA_WDOECM_Jan2024_Public_KEN_shp-polygons,/Users/meeraburghardt/Desktop/WDPA_WDOECM_Jan2024_Public_KEN_shp/WDPA_WDOECM_Jan2024_Public_KEN_shp_1/WDPA_WDOECM_Jan2024_Public_KEN_shp-polygons.shp
"181",41.25,-1.75,"0.405000001192093",2591.000000000000000,"2591","1",Dodori,Dodori,National Reserve,National Reserve,National,Not Reported,Not Applicable,"0",0.000000000000000,7.311498304802500,877.000000000000000,874.672926120491979,Not Applicable,0.000000000000000,Designated,"1976",Federal or national ministry or agency,State,Kenya Wildlife Service,Not Reported,State Verified,"933",Not Reported,KEN,KEN,Not Applicable,Not Applicable,WDPA_WDOECM_Jan2024_Public_KEN_shp-polygons,/Users/meeraburghardt/Desktop/WDPA_WDOECM_Jan2024_Public_KEN_shp/WDPA_WDOECM_Jan2024_Public_KEN_shp_0/WDPA_WDOECM_Jan2024_Public_KEN_shp-polygons.shp
"181",41.25,-1.75,"0.405000001192093",555566888.000000000000000,"555566888","1",Awer Community Conservancy,Awer Community Conservancy,Community Nature Reserve,Community Nature Reserve,National,Not Reported,Not Applicable,"0",0.000000000000000,0.000000000000000,209.000000000000000,211.084135789886005,Not Applicable,0.000000000000000,Not Reported,"2010",Indigenous peoples,Not Reported,Community,Not Reported,Not Reported,"1775",Not Reported,KEN,KEN,Not Applicable,Not Applicable,WDPA_WDOECM_Jan2024_Public_KEN_shp-polygons,/Users/meeraburghardt/Desktop/WDPA_WDOECM_Jan2024_Public_KEN_shp/WDPA_WDOECM_Jan2024_Public_KEN_shp_2/WDPA_WDOECM_Jan2024_Public_KEN_shp-polygons.shp
"182",41.25,-1.25,NA,,,,,,,,,,,,,,,,,,,,,,,,,,,,,,,,
"183",41.25,3.25,"0.405000001192093",,,,,,,,,,,,,,,,,,,,,,,,,,,,,,,,
"184",41.25,3.75,"0.405000001192093",,,,,,,,,,,,,,,,,,,,,,,,,,,,,,,,
