WDPAID,WDPA_PID,PA_DEF,NAME,ORIG_NAME,DESIG,DESIG_ENG,DESIG_TYPE,IUCN_CAT,INT_CRIT,MARINE,REP_M_AREA,GIS_M_AREA,REP_AREA,GIS_AREA,NO_TAKE,NO_TK_AREA,STATUS,STATUS_YR,GOV_TYPE,OWN_TYPE,MANG_AUTH,MANG_PLAN,VERIF,METADATAID,SUB_LOC,PARENT_ISO,ISO3,SUPP_INFO,CONS_OBJ,layer,path,Area,ACLED,UCDP,NRT,Total,conflicts/square km,conflicts/hectare
555555520,555555520,1,Biliqo-Bulesa Community Conservancy,Biliqo-Bulesa Community Conservancy,Community Nature Reserve,Community Nature Reserve,National,Not Reported,Not Applicable,0,0,0,3784.823327,3812.709416,Not Applicable,0,Not Reported,2007,Indigenous peoples,Not Reported,Community,Not Reported,Not Reported,1775,Not Reported,KEN,KEN,Not Applicable,Not Applicable,conservancy 2,/Users/meeraburghardt/Desktop/WDPA_WDOECM_Jan2024_Public_KEN_shp/WDPA_WDOECM_Jan2024_Public_KEN_shp_2/WDPA_WDOECM_Jan2024_Public_KEN_shp-polygons.shp,,13,4,62,79,0.02411477411,2.411477411
555555509,555555509,1,Naibunga Conservancy Trust,Naibunga Conservancy Trust,Community Nature Reserve,Community Nature Reserve,National,Not Reported,Not Applicable,0,0,0,471.051067,474.042038,Not Applicable,0,Not Reported,2001,Indigenous peoples,Not Reported,Community,Not Reported,Not Reported,1775,Not Reported,KEN,KEN,Not Applicable,Not Applicable,conservancy 2,/Users/meeraburghardt/Desktop/WDPA_WDOECM_Jan2024_Public_KEN_shp/WDPA_WDOECM_Jan2024_Public_KEN_shp_2/WDPA_WDOECM_Jan2024_Public_KEN_shp-polygons.shp,470869177,14,0,55,69,0.1465375169,14.65375169
555555519,555555519,1,Nakuprat-Gotu Community Conservancy,Nakuprat-Gotu Community Conservancy,Community Nature Reserve,Community Nature Reserve,National,Not Reported,Not Applicable,0,0,0,719.923064,725.1033418,Not Applicable,0,Not Reported,2010,Indigenous peoples,Not Reported,Community,Not Reported,Not Reported,1775,Not Reported,KEN,KEN,Not Applicable,Not Applicable,conservancy 2,/Users/meeraburghardt/Desktop/WDPA_WDOECM_Jan2024_Public_KEN_shp/WDPA_WDOECM_Jan2024_Public_KEN_shp_2/WDPA_WDOECM_Jan2024_Public_KEN_shp-polygons.shp,720257187,0,3,66,69,0.09579911349,9.579911349
7581,7581,1,Karura,Karura,Forest Reserve,Forest Reserve,National,Not Reported,Not Applicable,0,0,0,10.45,9.650861173,Not Applicable,0,Designated,1932,Not Reported,Not Reported,Not Reported,Not Reported,State Verified,178,KE-110,KEN,KEN,Not Applicable,Not Applicable,conservancy 3,/Users/meeraburghardt/Desktop/WDPA_WDOECM_Jan2024_Public_KEN_shp/WDPA_WDOECM_Jan2024_Public_KEN_shp_0/WDPA_WDOECM_Jan2024_Public_KEN_shp-polygons.shp,9586309,66,0,0,66,6.884818756,688.4818756
555566903,555566903,1,Leparua Community Conservancy,Leparua Community Conservancy,Community Nature Reserve,Community Nature Reserve,National,Not Reported,Not Applicable,0,0,0,328.352032,330.584691,Not Applicable,0,Not Reported,2011,Indigenous peoples,Not Reported,Community,Not Reported,Not Reported,1775,Not Reported,KEN,KEN,Not Applicable,Not Applicable,conservancy 2,/Users/meeraburghardt/Desktop/WDPA_WDOECM_Jan2024_Public_KEN_shp/WDPA_WDOECM_Jan2024_Public_KEN_shp_2/WDPA_WDOECM_Jan2024_Public_KEN_shp-polygons.shp,328372180,12,2,49,63,0.1918554733,19.18554733
555555498,555555498,1,Sera Community Conservancy,Sera Community Conservancy,Community Nature Reserve,Community Nature Reserve,National,Not Reported,Not Applicable,0,0,0,3393.355746,3417.419957,Not Applicable,0,Not Reported,2001,Indigenous peoples,Not Reported,Community,Not Reported,Not Reported,1775,Not Reported,KEN,KEN,Not Applicable,Not Applicable,conservancy 2,/Users/meeraburghardt/Desktop/WDPA_WDOECM_Jan2024_Public_KEN_shp/WDPA_WDOECM_Jan2024_Public_KEN_shp_2/WDPA_WDOECM_Jan2024_Public_KEN_shp-polygons.shp,,4,11,47,62,0.01823529412,1.823529412
7660,7660,1,Mount Elgon,Mount Elgon,Forest Reserve,Forest Reserve,National,Not Reported,Not Applicable,0,0,0,730.89,608.9296445,Not Applicable,0,Designated,1932,Not Reported,Not Reported,Not Reported,Not Reported,State Verified,178,KE-800,KEN,KEN,Not Applicable,Not Applicable,conservancy 1,/Users/meeraburghardt/Desktop/WDPA_WDOECM_Jan2024_Public_KEN_shp/WDPA_WDOECM_Jan2024_Public_KEN_shp_1/WDPA_WDOECM_Jan2024_Public_KEN_shp-polygons.shp,604855320,25,36,0,61,0.1008505637,10.08505637
555555522,555555522,1,Nasuulu Community Wildlife Conservancy,Nasuulu Community Wildlife Conservancy,Community Nature Reserve,Community Nature Reserve,National,Not Reported,Not Applicable,0,0,0,346.009704,348.3749633,Not Applicable,0,Not Reported,2011,Indigenous peoples,Not Reported,Community,Not Reported,Not Reported,1775,Not Reported,KEN,KEN,Not Applicable,Not Applicable,conservancy 2,/Users/meeraburghardt/Desktop/WDPA_WDOECM_Jan2024_Public_KEN_shp/WDPA_WDOECM_Jan2024_Public_KEN_shp_2/WDPA_WDOECM_Jan2024_Public_KEN_shp-polygons.shp,346043547,15,0,41,56,0.1618293434,16.18293434
555622010,555622010,1,Nyambene,Nyambene,National Reserve,National Reserve,National,Not Reported,Not Applicable,0,0,0,640.6,641.4587137,Not Applicable,0,Designated,2000,Federal or national ministry or agency,State,Kenya Wildlife Service,Not Reported,State Verified,933,Not Reported,KEN,KEN,Not Applicable,Not Applicable,conservancy 2,/Users/meeraburghardt/Desktop/WDPA_WDOECM_Jan2024_Public_KEN_shp/WDPA_WDOECM_Jan2024_Public_KEN_shp_2/WDPA_WDOECM_Jan2024_Public_KEN_shp-polygons.shp,641460490,6,2,42,50,0.07794712345,7.794712345
753,753,1,Marsabit,Marsabit,National Reserve,National Reserve,National,Not Reported,Not Applicable,0,0,0,1122,1384.633142,Not Applicable,0,Proposed,1967,Federal or national ministry or agency,State,Kenya Wildlife Service,Not Reported,State Verified,933,Not Reported,KEN,KEN,Not Applicable,Not Applicable,conservancy 3,/Users/meeraburghardt/Desktop/WDPA_WDOECM_Jan2024_Public_KEN_shp/WDPA_WDOECM_Jan2024_Public_KEN_shp_0/WDPA_WDOECM_Jan2024_Public_KEN_shp-polygons.shp,1384643963,13,8,23,44,0.0317771219,3.17771219
555555521,555555521,1,Hanshak-Nyongoro Community Conservancy,Hanshak-Nyongoro Community Conservancy,Community Nature Reserve,Community Nature Reserve,National,Not Reported,Not Applicable,0,0,0,792,789.3619691,Not Applicable,0,Not Reported,2010,Indigenous peoples,Not Reported,Community,Not Reported,Not Reported,1775,Not Reported,KEN,KEN,Not Applicable,Not Applicable,conservancy 2,/Users/meeraburghardt/Desktop/WDPA_WDOECM_Jan2024_Public_KEN_shp/WDPA_WDOECM_Jan2024_Public_KEN_shp_2/WDPA_WDOECM_Jan2024_Public_KEN_shp-polygons.shp,784095514,31,11,1,43,0.05484025764,5.484025764
555555496,555555496,1,Kalama Community Wildlife Conservancy,Kalama Community Wildlife Conservancy,Community Nature Reserve,Community Nature Reserve,National,Not Reported,Not Applicable,0,0,0,496.737448,500.1465535,Not Applicable,0,Not Reported,2002,Indigenous peoples,Not Reported,Community,Not Reported,Not Reported,1775,Not Reported,KEN,KEN,Not Applicable,Not Applicable,conservancy 2,/Users/meeraburghardt/Desktop/WDPA_WDOECM_Jan2024_Public_KEN_shp/WDPA_WDOECM_Jan2024_Public_KEN_shp_2/WDPA_WDOECM_Jan2024_Public_KEN_shp-polygons.shp,496797823,17,0,25,42,0.08454143327,8.454143327
7719,7719,1,South Nandi,South Nandi,Forest Reserve,Forest Reserve,National,Not Reported,Not Applicable,0,0,0,195.68,199.7171852,Not Applicable,0,Designated,1936,Not Reported,Not Reported,Not Reported,Not Reported,State Verified,178,KE-700,KEN,KEN,Not Applicable,Not Applicable,conservancy 1,/Users/meeraburghardt/Desktop/WDPA_WDOECM_Jan2024_Public_KEN_shp/WDPA_WDOECM_Jan2024_Public_KEN_shp_1/WDPA_WDOECM_Jan2024_Public_KEN_shp-polygons.shp,198380216,39,0,0,39,0.1965921844,19.65921844
3038,3038,1,Kiunga Marine Conservancy,Kiunga Marine Conservancy,Community Nature Reserve,Community Nature Reserve,National,Not Reported,Not Applicable,1,0,168.7489039,287,289.3314064,Not Reported,0,Not Reported,2010,Indigenous peoples,Not Reported,Community,Not Reported,Not Reported,1775,Not Reported,KEN,KEN,Not Applicable,Not Applicable,conservancy 3,/Users/meeraburghardt/Desktop/WDPA_WDOECM_Jan2024_Public_KEN_shp/WDPA_WDOECM_Jan2024_Public_KEN_shp_0/WDPA_WDOECM_Jan2024_Public_KEN_shp-polygons.shp,287736662,25,9,0,34,0.1181636006,11.81636006
555566898,555566898,1,Ol Lentille Conservancy,Ol Lentille Conservancy,Community Nature Reserve,Community Nature Reserve,National,Not Reported,Not Applicable,0,0,0,0,107.9304586,Not Applicable,0,Not Reported,2006,Non-profit organisations,Not Reported,Private,Not Reported,Not Reported,1775,Not Reported,KEN,KEN,Not Applicable,Not Applicable,conservancy 2,/Users/meeraburghardt/Desktop/WDPA_WDOECM_Jan2024_Public_KEN_shp/WDPA_WDOECM_Jan2024_Public_KEN_shp_2/WDPA_WDOECM_Jan2024_Public_KEN_shp-polygons.shp,107208267,1,0,32,33,0.3078120832,30.78120832
555555500,555555500,1,Songa Community Conservancy,Songa Community Conservancy,Community Nature Reserve,Community Nature Reserve,National,Not Reported,Not Applicable,0,0,0,1038.681053,1046.122834,Not Applicable,0,Not Reported,2013,Indigenous peoples,Not Reported,Community,Not Reported,Not Reported,1775,Not Reported,KEN,KEN,Not Applicable,Not Applicable,conservancy 2,/Users/meeraburghardt/Desktop/WDPA_WDOECM_Jan2024_Public_KEN_shp/WDPA_WDOECM_Jan2024_Public_KEN_shp_2/WDPA_WDOECM_Jan2024_Public_KEN_shp-polygons.shp,1039122699,13,3,15,31,0.02983285807,2.983285807
555555503,555555503,1,Melako Community Conservancy,Melako Community Conservancy,Community Nature Reserve,Community Nature Reserve,National,Not Reported,Not Applicable,0,0,0,5491.247317,5530.540677,Not Applicable,0,Not Reported,2004,Indigenous peoples,Not Reported,Community,Not Reported,Not Reported,1775,Not Reported,KEN,KEN,Not Applicable,Not Applicable,conservancy 2,/Users/meeraburghardt/Desktop/WDPA_WDOECM_Jan2024_Public_KEN_shp/WDPA_WDOECM_Jan2024_Public_KEN_shp_2/WDPA_WDOECM_Jan2024_Public_KEN_shp-polygons.shp,,17,0,14,31,0.005645601894,0.5645601894
555555506,555555506,1,Jaldesa Community Conservancy,Jaldesa Community Conservancy,Community Nature Reserve,Community Nature Reserve,National,Not Reported,Not Applicable,0,0,0,520.786516,524.565269,Not Applicable,0,Not Reported,2013,Indigenous peoples,Not Reported,Community,Not Reported,Not Reported,1775,Not Reported,KEN,KEN,Not Applicable,Not Applicable,conservancy 2,/Users/meeraburghardt/Desktop/WDPA_WDOECM_Jan2024_Public_KEN_shp/WDPA_WDOECM_Jan2024_Public_KEN_shp_2/WDPA_WDOECM_Jan2024_Public_KEN_shp-polygons.shp,521066348,8,0,23,31,0.05949338336,5.949338336
33443,33443,1,Eastern Mau,Eastern Mau,Forest Reserve,Forest Reserve,National,Not Reported,Not Applicable,0,0,0,660.67,662.635349,Not Applicable,0,Designated,1941,Not Reported,Not Reported,Not Reported,Not Reported,State Verified,178,KE-700,KEN,KEN,Not Applicable,Not Applicable,conservancy 1,/Users/meeraburghardt/Desktop/WDPA_WDOECM_Jan2024_Public_KEN_shp/WDPA_WDOECM_Jan2024_Public_KEN_shp_1/WDPA_WDOECM_Jan2024_Public_KEN_shp-polygons.shp,658206267,30,0,0,30,0.04557841744,4.557841744
7647,7647,1,Marsabit,Marsabit,Forest Reserve,Forest Reserve,National,Not Reported,Not Applicable,0,0,0,157.78,147.6370321,Not Applicable,0,Designated,1932,Not Reported,Not Reported,Not Reported,Not Reported,State Verified,178,KE-400,KEN,KEN,Not Applicable,Not Applicable,conservancy 1,/Users/meeraburghardt/Desktop/WDPA_WDOECM_Jan2024_Public_KEN_shp/WDPA_WDOECM_Jan2024_Public_KEN_shp_1/WDPA_WDOECM_Jan2024_Public_KEN_shp-polygons.shp,146651670,14,1,13,28,0.1909286134,19.09286134
7668,7668,1,Mukogodo,Mukogodo,Forest Reserve,Forest Reserve,National,Not Reported,Not Applicable,0,0,0,299.31,311.2390517,Not Applicable,0,Designated,1937,Federal or national ministry or agency,Not Reported,Not Reported,Not Reported,Not Reported,1714,KE-700,KEN,KEN,Not Applicable,Not Applicable,conservancy 1,/Users/meeraburghardt/Desktop/WDPA_WDOECM_Jan2024_Public_KEN_shp/WDPA_WDOECM_Jan2024_Public_KEN_shp_1/WDPA_WDOECM_Jan2024_Public_KEN_shp-polygons.shp,309152056,1,0,27,28,0.09057031793,9.057031793
7602,7602,1,Kikuyu Escarpment,Kikuyu Escarpment,Forest Reserve,Forest Reserve,National,Not Reported,Not Applicable,0,0,0,376.19,415.7804868,Not Applicable,0,Designated,1943,Not Reported,Not Reported,Not Reported,Not Reported,State Verified,178,KE-200,KEN,KEN,Not Applicable,Not Applicable,conservancy 3,/Users/meeraburghardt/Desktop/WDPA_WDOECM_Jan2024_Public_KEN_shp/WDPA_WDOECM_Jan2024_Public_KEN_shp_0/WDPA_WDOECM_Jan2024_Public_KEN_shp-polygons.shp,413000298,27,0,0,27,0.06537525549,6.537525549
2295,2295,1,Buffalo Springs,Buffalo Springs,National Reserve,National Reserve,National,II,Not Applicable,0,0,0,131,130.086412,Not Applicable,0,Designated,1985,Federal or national ministry or agency,State,Kenya Wildlife Service,Not Reported,State Verified,933,Not Reported,KEN,KEN,Not Applicable,Not Applicable,conservancy 3,/Users/meeraburghardt/Desktop/WDPA_WDOECM_Jan2024_Public_KEN_shp/WDPA_WDOECM_Jan2024_Public_KEN_shp_0/WDPA_WDOECM_Jan2024_Public_KEN_shp-polygons.shp,130086412,11,2,12,25,0.1921799488,19.21799488
555555497,555555497,1,Namunyak Wildlife Conservation Trust,Namunyak Wildlife Conservation Trust,Community Nature Reserve,Community Nature Reserve,National,Not Reported,Not Applicable,0,0,0,2868.973693,2888.309191,Not Applicable,0,Not Reported,1995,Indigenous peoples,Not Reported,Community,Not Reported,Not Reported,1775,Not Reported,KEN,KEN,Not Applicable,Not Applicable,conservancy 2,/Users/meeraburghardt/Desktop/WDPA_WDOECM_Jan2024_Public_KEN_shp/WDPA_WDOECM_Jan2024_Public_KEN_shp_2/WDPA_WDOECM_Jan2024_Public_KEN_shp-polygons.shp,,15,1,8,24,0.032,3.2
7558,7558,1,Embobut,Embobut,Forest Reserve,Forest Reserve,National,Not Reported,Not Applicable,0,0,0,216.89,201.056554,Not Applicable,0,Designated,1954,Not Reported,Not Reported,Not Reported,Not Reported,State Verified,178,KE-700,KEN,KEN,Not Applicable,Not Applicable,conservancy 3,/Users/meeraburghardt/Desktop/WDPA_WDOECM_Jan2024_Public_KEN_shp/WDPA_WDOECM_Jan2024_Public_KEN_shp_0/WDPA_WDOECM_Jan2024_Public_KEN_shp-polygons.shp,199711338,11,12,0,23,0.1151662206,11.51662206
7612,7612,1,Kipkunurr,Kipkunurr,Forest Reserve,Forest Reserve,National,Not Reported,Not Applicable,0,0,0,158.92,153.960592,Not Applicable,0,Designated,1941,Not Reported,Not Reported,Not Reported,Not Reported,State Verified,178,KE-700,KEN,KEN,Not Applicable,Not Applicable,conservancy 3,/Users/meeraburghardt/Desktop/WDPA_WDOECM_Jan2024_Public_KEN_shp/WDPA_WDOECM_Jan2024_Public_KEN_shp_0/WDPA_WDOECM_Jan2024_Public_KEN_shp-polygons.shp,152930585,23,0,0,23,0.1503950305,15.03950305
555566899,555566899,1,Shura Community Conservancy,Shura Community Conservancy,Community Nature Reserve,Community Nature Reserve,National,Not Reported,Not Applicable,0,0,0,4170.982359,4202.093371,Not Applicable,0,Not Reported,2004,Indigenous peoples,Not Reported,Community,Not Reported,Not Reported,1775,Not Reported,KEN,KEN,Not Applicable,Not Applicable,conservancy 2,/Users/meeraburghardt/Desktop/WDPA_WDOECM_Jan2024_Public_KEN_shp/WDPA_WDOECM_Jan2024_Public_KEN_shp_2/WDPA_WDOECM_Jan2024_Public_KEN_shp-polygons.shp,,1,0,21,22,0,0
2417,2417,1,Boni,Boni,National Reserve,National Reserve,National,Not Reported,Not Applicable,0,0,0,1339,1339.613786,Not Applicable,0,Designated,1976,Federal or national ministry or agency,State,Kenya Wildlife Service,Not Reported,State Verified,933,Not Reported,KEN,KEN,Not Applicable,Not Applicable,conservancy 3,/Users/meeraburghardt/Desktop/WDPA_WDOECM_Jan2024_Public_KEN_shp/WDPA_WDOECM_Jan2024_Public_KEN_shp_0/WDPA_WDOECM_Jan2024_Public_KEN_shp-polygons.shp,1339587112,21,1,0,22,0.01642297078,1.642297078
7552,7552,1,Dagoretti,Dagoretti,Forest Reserve,Forest Reserve,National,Not Reported,Not Applicable,0,0,0,7.74,8.546637688,Not Applicable,0,Designated,1938,Not Reported,Not Reported,Not Reported,Not Reported,State Verified,178,KE-110,KEN,KEN,Not Applicable,Not Applicable,conservancy 3,/Users/meeraburghardt/Desktop/WDPA_WDOECM_Jan2024_Public_KEN_shp/WDPA_WDOECM_Jan2024_Public_KEN_shp_0/WDPA_WDOECM_Jan2024_Public_KEN_shp-polygons.shp,8489473,21,0,0,21,2.47365178,247.365178
145585,145585,1,Mount Kenya National Park/Natural Forest,Parc national/Forêt naturelle du mont Kenya,World Heritage Site (natural or mixed),World Heritage Site (natural or mixed),International,Not Applicable,(vii)(ix),0,0,0,2023.34,1989.240249,Not Applicable,0,Inscribed,1997,Not Reported,Not Reported,Not Reported,Not Reported,State Verified,946,Not Reported,KEN,KEN,Not Applicable,Not Applicable,conservancy 2,/Users/meeraburghardt/Desktop/WDPA_WDOECM_Jan2024_Public_KEN_shp/WDPA_WDOECM_Jan2024_Public_KEN_shp_2/WDPA_WDOECM_Jan2024_Public_KEN_shp-polygons.shp,1975925865,3,0,15,18,0.009109653514,0.9109653514
555555507,555555507,1,Lower Tana Delta Conservation Trust,Lower Tana Delta Conservation Trust,Community Nature Reserve,Community Nature Reserve,National,Not Reported,Not Applicable,0,0,2.837847972,512,521.1817833,Not Applicable,0,Not Reported,2010,Indigenous peoples,Not Reported,Community,Not Reported,Not Reported,1775,Not Reported,KEN,KEN,Not Applicable,Not Applicable,conservancy 2,/Users/meeraburghardt/Desktop/WDPA_WDOECM_Jan2024_Public_KEN_shp/WDPA_WDOECM_Jan2024_Public_KEN_shp_2/WDPA_WDOECM_Jan2024_Public_KEN_shp-polygons.shp,517696859,13,5,0,18,0.03476938229,3.476938229
555555490,555555490,1,Lewa Wildlife Conservancy,Lewa Wildlife Conservancy,Community Conservancy,Community Conservancy,National,Not Reported,Not Applicable,0,0,0,222.6,163.7764919,Not Applicable,0,Designated,1995,Non-profit organisations,Not Reported,Not Reported,Not Reported,Not Reported,1714,Not Reported,KEN,KEN,Not Applicable,Not Applicable,conservancy 2,/Users/meeraburghardt/Desktop/WDPA_WDOECM_Jan2024_Public_KEN_shp/WDPA_WDOECM_Jan2024_Public_KEN_shp_2/WDPA_WDOECM_Jan2024_Public_KEN_shp-polygons.shp,162679948,2,0,15,17,0.1044996646,10.44996646
555566888,555566888,1,Awer Community Conservancy,Awer Community Conservancy,Community Nature Reserve,Community Nature Reserve,National,Not Reported,Not Applicable,0,0,0,209,211.0841358,Not Applicable,0,Not Reported,2010,Indigenous peoples,Not Reported,Community,Not Reported,Not Reported,1775,Not Reported,KEN,KEN,Not Applicable,Not Applicable,conservancy 2,/Users/meeraburghardt/Desktop/WDPA_WDOECM_Jan2024_Public_KEN_shp/WDPA_WDOECM_Jan2024_Public_KEN_shp_2/WDPA_WDOECM_Jan2024_Public_KEN_shp-polygons.shp,209674193,10,7,0,17,0.08107817065,8.107817065
2591,2591,1,Dodori,Dodori,National Reserve,National Reserve,National,Not Reported,Not Applicable,0,0,7.311498305,877,874.6729261,Not Applicable,0,Designated,1976,Federal or national ministry or agency,State,Kenya Wildlife Service,Not Reported,State Verified,933,Not Reported,KEN,KEN,Not Applicable,Not Applicable,conservancy 3,/Users/meeraburghardt/Desktop/WDPA_WDOECM_Jan2024_Public_KEN_shp/WDPA_WDOECM_Jan2024_Public_KEN_shp_0/WDPA_WDOECM_Jan2024_Public_KEN_shp-polygons.shp,874672976,12,5,0,17,0.01943583541,1.943583541
555566905,555566905,1,Ltungai Community Conservancy Trust,Ltungai Community Conservancy Trust,Community Nature Reserve,Community Nature Reserve,National,Not Reported,Not Applicable,0,0,0,193.080842,194.1590567,Not Applicable,0,Not Reported,2002,Indigenous peoples,Not Reported,Community,Not Reported,Not Reported,1775,Not Reported,KEN,KEN,Not Applicable,Not Applicable,conservancy 2,/Users/meeraburghardt/Desktop/WDPA_WDOECM_Jan2024_Public_KEN_shp/WDPA_WDOECM_Jan2024_Public_KEN_shp_2/WDPA_WDOECM_Jan2024_Public_KEN_shp-polygons.shp,192861892,9,0,7,16,0.08296092003,8.296092003
555555508,555555508,1,Mpus Kutuk Community Conservancy,Mpus Kutuk Community Conservancy,Community Nature Reserve,Community Nature Reserve,National,Not Reported,Not Applicable,0,0,0,544.548954,548.1365283,Not Applicable,0,Not Reported,2007,Indigenous peoples,Not Reported,Community,Not Reported,Not Reported,1775,Not Reported,KEN,KEN,Not Applicable,Not Applicable,conservancy 2,/Users/meeraburghardt/Desktop/WDPA_WDOECM_Jan2024_Public_KEN_shp/WDPA_WDOECM_Jan2024_Public_KEN_shp_2/WDPA_WDOECM_Jan2024_Public_KEN_shp-polygons.shp,544467225,0,0,13,13,0.02387655198,2.387655198
555555510,555555510,1,Ruko Community Widlife Conservancy,Ruko Community Widlife Conservancy,Community Nature Reserve,Community Nature Reserve,National,Not Reported,Not Applicable,0,0,0,178.968688,179.8689415,Not Applicable,0,Not Reported,2006,Indigenous peoples,Not Reported,Community,Not Reported,Not Reported,1775,Not Reported,KEN,KEN,Not Applicable,Not Applicable,conservancy 2,/Users/meeraburghardt/Desktop/WDPA_WDOECM_Jan2024_Public_KEN_shp/WDPA_WDOECM_Jan2024_Public_KEN_shp_2/WDPA_WDOECM_Jan2024_Public_KEN_shp-polygons.shp,178665200,6,0,6,12,0.06716473046,6.716473046
756,756,1,Aberdare,Aberdare,National Park,National Park,National,II,Not Applicable,0,0,0,765.7,772.3150594,Not Applicable,0,Designated,1950,Federal or national ministry or agency,State,Kenya Wildlife Service,Not Reported,State Verified,933,Not Reported,KEN,KEN,Not Applicable,Not Applicable,conservancy 3,/Users/meeraburghardt/Desktop/WDPA_WDOECM_Jan2024_Public_KEN_shp/WDPA_WDOECM_Jan2024_Public_KEN_shp_0/WDPA_WDOECM_Jan2024_Public_KEN_shp-polygons.shp,772315299,12,0,0,12,0.01553769557,1.553769557
2427,2427,1,Shaba,Shaba,National Reserve,National Reserve,National,II,Not Applicable,0,0,0,239,239.7232556,Not Applicable,0,Designated,1974,Federal or national ministry or agency,State,Kenya Wildlife Service,Not Reported,State Verified,933,Not Reported,KEN,KEN,Not Applicable,Not Applicable,conservancy 3,/Users/meeraburghardt/Desktop/WDPA_WDOECM_Jan2024_Public_KEN_shp/WDPA_WDOECM_Jan2024_Public_KEN_shp_0/WDPA_WDOECM_Jan2024_Public_KEN_shp-polygons.shp,239723254,0,0,12,12,0.05005772198,5.005772198
33485,33485,1,Ngong Hills,Ngong Hills,Forest Reserve,Forest Reserve,National,Not Reported,Not Applicable,0,0,0,30.81,32.59696223,Not Applicable,0,Designated,1985,Not Reported,Not Reported,Not Reported,Not Reported,State Verified,178,KE-700,KEN,KEN,Not Applicable,Not Applicable,conservancy 2,/Users/meeraburghardt/Desktop/WDPA_WDOECM_Jan2024_Public_KEN_shp/WDPA_WDOECM_Jan2024_Public_KEN_shp_2/WDPA_WDOECM_Jan2024_Public_KEN_shp-polygons.shp,32380820,11,0,0,11,0.3397072712,33.97072712
10750,10750,1,Kerio Valley,Kerio Valley,National Reserve,National Reserve,National,VI,Not Applicable,0,0,0,66,65.71642445,Not Applicable,0,Designated,1983,Federal or national ministry or agency,State,Kenya Wildlife Service,Not Reported,State Verified,933,Not Reported,KEN,KEN,Not Applicable,Not Applicable,conservancy 1,/Users/meeraburghardt/Desktop/WDPA_WDOECM_Jan2024_Public_KEN_shp/WDPA_WDOECM_Jan2024_Public_KEN_shp_1/WDPA_WDOECM_Jan2024_Public_KEN_shp-polygons.shp,65716425,10,0,0,10,0.1521689593,15.21689593
19565,19565,1,Marsabit,Marsabit,National Park,National Park,National,Not Reported,Not Applicable,0,0,0,145,145.1000207,Not Applicable,0,Proposed,0,Federal or national ministry or agency,State,Kenya Wildlife Service,Not Reported,State Verified,933,Not Reported,KEN,KEN,Not Applicable,Not Applicable,conservancy 1,/Users/meeraburghardt/Desktop/WDPA_WDOECM_Jan2024_Public_KEN_shp/WDPA_WDOECM_Jan2024_Public_KEN_shp_1/WDPA_WDOECM_Jan2024_Public_KEN_shp-polygons.shp,145100021,0,0,10,10,0.06891797762,6.891797762
555555504,555555504,1,Il Ngwesi Community Trust,Il Ngwesi Community Trust,Community Nature Reserve,Community Nature Reserve,National,Not Reported,Not Applicable,0,0,0,94.333227,94.96659409,Not Applicable,0,Not Reported,1995,Indigenous peoples,Not Reported,Community,Not Reported,Not Reported,1775,Not Reported,KEN,KEN,Not Applicable,Not Applicable,conservancy 2,/Users/meeraburghardt/Desktop/WDPA_WDOECM_Jan2024_Public_KEN_shp/WDPA_WDOECM_Jan2024_Public_KEN_shp_2/WDPA_WDOECM_Jan2024_Public_KEN_shp-polygons.shp,94330701,0,0,10,10,0.1060100253,10.60100253
555555511,555555511,1,West Gate Community Conservancy,West Gate Community Conservancy,Community Nature Reserve,Community Nature Reserve,National,Not Reported,Not Applicable,0,0,0,362.525087,364.9528589,Not Applicable,0,Not Reported,2004,Indigenous peoples,Not Reported,Community,Not Reported,Not Reported,1775,Not Reported,KEN,KEN,Not Applicable,Not Applicable,conservancy 2,/Users/meeraburghardt/Desktop/WDPA_WDOECM_Jan2024_Public_KEN_shp/WDPA_WDOECM_Jan2024_Public_KEN_shp_2/WDPA_WDOECM_Jan2024_Public_KEN_shp-polygons.shp,362512148,0,0,10,10,0.02758528247,2.758528247
7705,7705,1,Ol-pusimoru,Ol-pusimoru,Forest Reserve,Forest Reserve,National,Not Reported,Not Applicable,0,0,0,172.58,358.7228885,Not Applicable,0,Designated,1957,Not Reported,Not Reported,Not Reported,Not Reported,State Verified,178,KE-700,KEN,KEN,Not Applicable,Not Applicable,conservancy 1,/Users/meeraburghardt/Desktop/WDPA_WDOECM_Jan2024_Public_KEN_shp/WDPA_WDOECM_Jan2024_Public_KEN_shp_1/WDPA_WDOECM_Jan2024_Public_KEN_shp-polygons.shp,356322484,8,1,0,9,0.0252580188,2.52580188
555566904,555566904,1,Pate Marine Community Conservancy,Pate Marine Community Conservancy,Community Nature Reserve,Community Nature Reserve,National,Not Reported,Not Applicable,0,0,14.94771983,192,193.6452859,Not Applicable,0,Not Reported,2010,Indigenous peoples,Not Reported,Community,Not Reported,Not Reported,1775,Not Reported,KEN,KEN,Not Applicable,Not Applicable,conservancy 2,/Users/meeraburghardt/Desktop/WDPA_WDOECM_Jan2024_Public_KEN_shp/WDPA_WDOECM_Jan2024_Public_KEN_shp_2/WDPA_WDOECM_Jan2024_Public_KEN_shp-polygons.shp,192352444,9,0,0,9,0.04678911176,4.678911176
7645,7645,1,Marmanet,Marmanet,Forest Reserve,Forest Reserve,National,Not Reported,Not Applicable,0,0,0,226.44,209.3703591,Not Applicable,0,Designated,1932,Not Reported,Not Reported,Not Reported,Not Reported,State Verified,178,KE-700,KEN,KEN,Not Applicable,Not Applicable,conservancy 1,/Users/meeraburghardt/Desktop/WDPA_WDOECM_Jan2024_Public_KEN_shp/WDPA_WDOECM_Jan2024_Public_KEN_shp_1/WDPA_WDOECM_Jan2024_Public_KEN_shp-polygons.shp,207969187,7,0,0,7,0.03365883235,3.365883235
7661,7661,1,Mount Kenya,Mount Kenya,Forest Reserve,Forest Reserve,National,Not Reported,Not Applicable,0,0,0,2009.74,2136.415114,Not Applicable,0,Designated,1943,Federal or national ministry or agency,Not Reported,Not Reported,Not Reported,Not Reported,1714,Not Reported,KEN,KEN,Not Applicable,Not Applicable,conservancy 1,/Users/meeraburghardt/Desktop/WDPA_WDOECM_Jan2024_Public_KEN_shp/WDPA_WDOECM_Jan2024_Public_KEN_shp_1/WDPA_WDOECM_Jan2024_Public_KEN_shp-polygons.shp,2122113402,7,0,0,7,0.00329859846,0.329859846
555555495,555555495,1,Loisaba Wilderness,Loisaba Wilderness,Private Ranch,Private Ranch,National,Not Reported,Not Applicable,0,0,0,150,174.3717338,Not Applicable,0,Designated,2000,Non-profit organisations,Not Reported,Not Reported,Not Reported,Not Reported,1714,Not Reported,KEN,KEN,Not Applicable,Not Applicable,conservancy 2,/Users/meeraburghardt/Desktop/WDPA_WDOECM_Jan2024_Public_KEN_shp/WDPA_WDOECM_Jan2024_Public_KEN_shp_2/WDPA_WDOECM_Jan2024_Public_KEN_shp-polygons.shp,173205216,0,0,7,7,0.04041448729,4.041448729
7693,7693,1,Northern Tinderet,Northern Tinderet,Forest Reserve,Forest Reserve,National,Not Reported,Not Applicable,0,0,0,262.85,295.2018661,Not Applicable,0,Designated,1932,Not Reported,Not Reported,Not Reported,Not Reported,State Verified,178,KE-700,KEN,KEN,Not Applicable,Not Applicable,conservancy 1,/Users/meeraburghardt/Desktop/WDPA_WDOECM_Jan2024_Public_KEN_shp/WDPA_WDOECM_Jan2024_Public_KEN_shp_1/WDPA_WDOECM_Jan2024_Public_KEN_shp-polygons.shp,293225681,6,0,0,6,0.02046205496,2.046205496
2596,2596,1,Nasolot,Nasolot,National Reserve,National Reserve,National,II,Not Applicable,0,0,0,92,91.82398597,Not Applicable,0,Designated,1979,Federal or national ministry or agency,State,Kenya Wildlife Service,Not Reported,State Verified,933,Not Reported,KEN,KEN,Not Applicable,Not Applicable,conservancy 3,/Users/meeraburghardt/Desktop/WDPA_WDOECM_Jan2024_Public_KEN_shp/WDPA_WDOECM_Jan2024_Public_KEN_shp_0/WDPA_WDOECM_Jan2024_Public_KEN_shp-polygons.shp,91823989,5,1,0,6,0.06534240197,6.534240197
7649,7649,1,Mathews Range,Mathews Range,Forest Reserve,Forest Reserve,National,Not Reported,Not Applicable,0,0,0,973.92,974.9905666,Not Applicable,0,Designated,1956,Federal or national ministry or agency,Not Reported,Not Reported,Not Reported,Not Reported,1714,KE-700,KEN,KEN,Not Applicable,Not Applicable,conservancy 1,/Users/meeraburghardt/Desktop/WDPA_WDOECM_Jan2024_Public_KEN_shp/WDPA_WDOECM_Jan2024_Public_KEN_shp_1/WDPA_WDOECM_Jan2024_Public_KEN_shp-polygons.shp,968468078,3,0,2,5,0.005162792779,0.5162792779
7651,7651,1,Menengai,Menengai,Forest Reserve,Forest Reserve,National,Not Reported,Not Applicable,0,0,0,57.37,55.37725545,Not Applicable,0,Designated,1977,Not Reported,Not Reported,Not Reported,Not Reported,State Verified,178,KE-700,KEN,KEN,Not Applicable,Not Applicable,conservancy 1,/Users/meeraburghardt/Desktop/WDPA_WDOECM_Jan2024_Public_KEN_shp/WDPA_WDOECM_Jan2024_Public_KEN_shp_1/WDPA_WDOECM_Jan2024_Public_KEN_shp-polygons.shp,55007779,5,0,0,5,0.09089623488,9.089623488
7702,7702,1,Ol-arabel,Ol-arabel,Forest Reserve,Forest Reserve,National,Not Reported,Not Applicable,0,0,0,97.38,99.59836537,Not Applicable,0,Designated,1941,Not Reported,Not Reported,Not Reported,Not Reported,State Verified,178,KE-700,KEN,KEN,Not Applicable,Not Applicable,conservancy 1,/Users/meeraburghardt/Desktop/WDPA_WDOECM_Jan2024_Public_KEN_shp/WDPA_WDOECM_Jan2024_Public_KEN_shp_1/WDPA_WDOECM_Jan2024_Public_KEN_shp-polygons.shp,98931591,5,0,0,5,0.05053997363,5.053997363
555555492,555555492,1,Lekurruki Conservancy Trust,Lekurruki Conservancy Trust,Community Nature Reserve,Community Nature Reserve,National,Not Reported,Not Applicable,0,0,0,87.836011,88.42496753,Not Applicable,0,Not Reported,1999,Indigenous peoples,Not Reported,Community,Not Reported,Not Reported,1775,Not Reported,KEN,KEN,Not Applicable,Not Applicable,conservancy 2,/Users/meeraburghardt/Desktop/WDPA_WDOECM_Jan2024_Public_KEN_shp/WDPA_WDOECM_Jan2024_Public_KEN_shp_2/WDPA_WDOECM_Jan2024_Public_KEN_shp-polygons.shp,87830897,0,0,5,5,0.05692757527,5.692757527
1297,1297,1,Masai Mara,Masai Mara,National Reserve,National Reserve,National,II,Not Applicable,0,0,0,1510,1511.069884,Not Applicable,0,Designated,1974,Federal or national ministry or agency,State,Kenya Wildlife Service,Not Reported,State Verified,933,Not Reported,KEN,KEN,Not Applicable,Not Applicable,conservancy 3,/Users/meeraburghardt/Desktop/WDPA_WDOECM_Jan2024_Public_KEN_shp/WDPA_WDOECM_Jan2024_Public_KEN_shp_0/WDPA_WDOECM_Jan2024_Public_KEN_shp-polygons.shp,1511197962,5,0,0,5,0.003308633366,0.3308633366
2298,2298,1,Samburu,Samburu,National Reserve,National Reserve,National,II,Not Applicable,0,0,0,165,165.112325,Not Applicable,0,Designated,1985,Federal or national ministry or agency,State,Kenya Wildlife Service,Not Reported,State Verified,933,Not Reported,KEN,KEN,Not Applicable,Not Applicable,conservancy 3,/Users/meeraburghardt/Desktop/WDPA_WDOECM_Jan2024_Public_KEN_shp/WDPA_WDOECM_Jan2024_Public_KEN_shp_0/WDPA_WDOECM_Jan2024_Public_KEN_shp-polygons.shp,165112330,0,2,3,5,0.0302824144,3.02824144
2415,2415,1,Losai,Losai,National Reserve,National Reserve,National,VI,Not Applicable,0,0,0,1806,1805.660813,Not Applicable,0,Designated,1976,Federal or national ministry or agency,State,Kenya Wildlife Service,Not Reported,State Verified,933,Not Reported,KEN,KEN,Not Applicable,Not Applicable,conservancy 3,/Users/meeraburghardt/Desktop/WDPA_WDOECM_Jan2024_Public_KEN_shp/WDPA_WDOECM_Jan2024_Public_KEN_shp_0/WDPA_WDOECM_Jan2024_Public_KEN_shp-polygons.shp,1805660787,0,0,5,5,0.002769069382,0.2769069382
7627,7627,1,Lelan,Lelan,Forest Reserve,Forest Reserve,National,Not Reported,Not Applicable,0,0,0,145.16,110.9367067,Not Applicable,0,Designated,1958,Not Reported,Not Reported,Not Reported,Not Reported,State Verified,178,KE-700,KEN,KEN,Not Applicable,Not Applicable,conservancy 3,/Users/meeraburghardt/Desktop/WDPA_WDOECM_Jan2024_Public_KEN_shp/WDPA_WDOECM_Jan2024_Public_KEN_shp_0/WDPA_WDOECM_Jan2024_Public_KEN_shp-polygons.shp,110190435,4,1,0,5,0.0453759893,4.53759893
19564,19564,1,Tsavo West,Tsavo West,National Park,National Park,National,II,Not Applicable,0,0,0,9065,7024.077566,Not Applicable,0,Designated,1948,Federal or national ministry or agency,State,Kenya Wildlife Service,Not Reported,State Verified,933,Not Reported,KEN,KEN,Not Applicable,Not Applicable,conservancy 1,/Users/meeraburghardt/Desktop/WDPA_WDOECM_Jan2024_Public_KEN_shp/WDPA_WDOECM_Jan2024_Public_KEN_shp_1/WDPA_WDOECM_Jan2024_Public_KEN_shp-polygons.shp,,4,0,0,4,0,0
555555494,555555494,1,Borana,Borana,Private Ranch,Private Ranch,National,Not Reported,Not Applicable,0,0,0,141,119.8772002,Not Applicable,0,Designated,1990,Non-profit organisations,Not Reported,Not Reported,Not Reported,Not Reported,1714,Not Reported,KEN,KEN,Not Applicable,Not Applicable,conservancy 2,/Users/meeraburghardt/Desktop/WDPA_WDOECM_Jan2024_Public_KEN_shp/WDPA_WDOECM_Jan2024_Public_KEN_shp_2/WDPA_WDOECM_Jan2024_Public_KEN_shp-polygons.shp,119074415,3,0,1,4,0.03359243881,3.359243881
7656,7656,1,Mkongani West,Mkongani West,Forest Reserve,Forest Reserve,National,Not Reported,Not Applicable,0,0,0,14.08,15.05302576,Not Applicable,0,Designated,1956,Not Reported,Not Reported,Not Reported,Not Reported,State Verified,178,KE-300,KEN,KEN,Not Applicable,Not Applicable,conservancy 1,/Users/meeraburghardt/Desktop/WDPA_WDOECM_Jan2024_Public_KEN_shp/WDPA_WDOECM_Jan2024_Public_KEN_shp_1/WDPA_WDOECM_Jan2024_Public_KEN_shp-polygons.shp,14955180,3,0,0,3,0.200599391,20.0599391
7685,7685,1,Ndotos Range,Ndotos Range,Forest Reserve,Forest Reserve,National,Not Reported,Not Applicable,0,0,0,932.05,958.3448653,Not Applicable,0,Designated,1956,Not Reported,Not Reported,Not Reported,Not Reported,State Verified,178,KE-700,KEN,KEN,Not Applicable,Not Applicable,conservancy 1,/Users/meeraburghardt/Desktop/WDPA_WDOECM_Jan2024_Public_KEN_shp/WDPA_WDOECM_Jan2024_Public_KEN_shp_1/WDPA_WDOECM_Jan2024_Public_KEN_shp-polygons.shp,951908859,2,0,1,3,0.003151562223,0.3151562223
7727,7727,1,Tinderet,Tinderet,Forest Reserve,Forest Reserve,National,Not Reported,Not Applicable,0,0,0,281.67,340.6331552,Not Applicable,0,Designated,1932,Not Reported,Not Reported,Not Reported,Not Reported,State Verified,178,KE-700,KEN,KEN,Not Applicable,Not Applicable,conservancy 1,/Users/meeraburghardt/Desktop/WDPA_WDOECM_Jan2024_Public_KEN_shp/WDPA_WDOECM_Jan2024_Public_KEN_shp_1/WDPA_WDOECM_Jan2024_Public_KEN_shp-polygons.shp,338352891,3,0,0,3,0.008866482539,0.8866482539
19726,19726,1,Malka Mari,Malka Mari,National Park,National Park,National,II,Not Applicable,0,0,0,876,876.4196936,Not Applicable,0,Designated,1989,Federal or national ministry or agency,State,Kenya Wildlife Service,Not Reported,State Verified,933,Not Reported,KEN,KEN,Not Applicable,Not Applicable,conservancy 1,/Users/meeraburghardt/Desktop/WDPA_WDOECM_Jan2024_Public_KEN_shp/WDPA_WDOECM_Jan2024_Public_KEN_shp_1/WDPA_WDOECM_Jan2024_Public_KEN_shp-polygons.shp,876419452,3,0,0,3,0.003423018502,0.3423018502
33450,33450,1,Kakamega,Kakamega,Forest Reserve,Forest Reserve,National,Not Reported,Not Applicable,0,0,0,178.38,181.3823495,Not Applicable,0,Designated,1933,Not Reported,Not Reported,Not Reported,Not Reported,State Verified,178,KE-800,KEN,KEN,Not Applicable,Not Applicable,conservancy 1,/Users/meeraburghardt/Desktop/WDPA_WDOECM_Jan2024_Public_KEN_shp/WDPA_WDOECM_Jan2024_Public_KEN_shp_1/WDPA_WDOECM_Jan2024_Public_KEN_shp-polygons.shp,180168157,3,0,0,3,0.01665111111,1.665111111
555555491,555555491,1,Mpala,Mpala,Community Conservancy,Community Conservancy,National,Not Reported,Not Applicable,0,0,0,194,195.8465047,Not Applicable,0,Designated,1969,Non-profit organisations,Not Reported,Not Reported,Not Reported,Not Reported,1714,Not Reported,KEN,KEN,Not Applicable,Not Applicable,conservancy 2,/Users/meeraburghardt/Desktop/WDPA_WDOECM_Jan2024_Public_KEN_shp/WDPA_WDOECM_Jan2024_Public_KEN_shp_2/WDPA_WDOECM_Jan2024_Public_KEN_shp-polygons.shp,194534266,0,0,3,3,0.01542144765,1.542144765
555555502,555555502,1,Mugie,Mugie,Community Conservancy,Community Conservancy,National,Not Reported,Not Applicable,0,0,0,198,186.822227,Not Applicable,0,Designated,1970,Non-profit organisations,Not Reported,Not Reported,Not Reported,Not Reported,1714,Not Reported,KEN,KEN,Not Applicable,Not Applicable,conservancy 2,/Users/meeraburghardt/Desktop/WDPA_WDOECM_Jan2024_Public_KEN_shp/WDPA_WDOECM_Jan2024_Public_KEN_shp_2/WDPA_WDOECM_Jan2024_Public_KEN_shp-polygons.shp,185565571,2,0,1,3,0.01616679206,1.616679206
555555505,555555505,1,Ishaqbini Hirola Community Conservancy,Ishaqbini Hirola Community Conservancy,Community Nature Reserve,Community Nature Reserve,National,Not Reported,Not Applicable,0,0,0,732,693.1568549,Not Applicable,0,Not Reported,2007,Indigenous peoples,Not Reported,Community,Not Reported,Not Reported,1775,Not Reported,KEN,KEN,Not Applicable,Not Applicable,conservancy 2,/Users/meeraburghardt/Desktop/WDPA_WDOECM_Jan2024_Public_KEN_shp/WDPA_WDOECM_Jan2024_Public_KEN_shp_2/WDPA_WDOECM_Jan2024_Public_KEN_shp-polygons.shp,688528247,0,1,2,3,0.004357119716,0.4357119716
555622002,555622002,1,Kiunga,Kiunga,Marine National Reserve,Marine National Reserve,National,VI,Not Applicable,1,250,201.9780805,250,248.9641629,Not Reported,0,Designated,1979,Federal or national ministry or agency,State,Kenya Wildlife Service,Not Reported,State Verified,933,Not Reported,KEN,KEN,Not Applicable,Not Applicable,conservancy 2,/Users/meeraburghardt/Desktop/WDPA_WDOECM_Jan2024_Public_KEN_shp/WDPA_WDOECM_Jan2024_Public_KEN_shp_2/WDPA_WDOECM_Jan2024_Public_KEN_shp-polygons.shp,248964185,2,1,0,3,0.01204992598,1.204992598
555622007,555622007,1,Mt. Kenya,Mt. Kenya,National Reserve,National Reserve,National,II,Not Applicable,0,0,0,2124,2119.944098,Not Applicable,0,Designated,2000,Federal or national ministry or agency,State,Kenya Wildlife Service,Not Reported,State Verified,933,Not Reported,KEN,KEN,Not Applicable,Not Applicable,conservancy 2,/Users/meeraburghardt/Desktop/WDPA_WDOECM_Jan2024_Public_KEN_shp/WDPA_WDOECM_Jan2024_Public_KEN_shp_2/WDPA_WDOECM_Jan2024_Public_KEN_shp-polygons.shp,2119944096,3,0,0,3,0.001415131656,0.1415131656
7626,7626,1,Lariak,Lariak,Forest Reserve,Forest Reserve,National,Not Reported,Not Applicable,0,0,0,49.88,52.02065679,Not Applicable,0,Designated,1932,Not Reported,Not Reported,Not Reported,Not Reported,State Verified,178,KE-700,KEN,KEN,Not Applicable,Not Applicable,conservancy 3,/Users/meeraburghardt/Desktop/WDPA_WDOECM_Jan2024_Public_KEN_shp/WDPA_WDOECM_Jan2024_Public_KEN_shp_0/WDPA_WDOECM_Jan2024_Public_KEN_shp-polygons.shp,51672436,3,0,0,3,0.05805803311,5.805803311
7631,7631,1,Londiani,Londiani,Forest Reserve,Forest Reserve,National,Not Reported,Not Applicable,0,0,0,1.06,215.1589279,Not Applicable,0,Designated,1932,Not Reported,Not Reported,Not Reported,Not Reported,State Verified,178,Not Reported,KEN,KEN,Not Applicable,Not Applicable,conservancy 1,/Users/meeraburghardt/Desktop/WDPA_WDOECM_Jan2024_Public_KEN_shp/WDPA_WDOECM_Jan2024_Public_KEN_shp_1/WDPA_WDOECM_Jan2024_Public_KEN_shp-polygons.shp,213718678,2,0,0,2,0.009358096441,0.9358096441
7663,7663,1,Mount Nyiru,Mount Nyiru,Forest Reserve,Forest Reserve,National,Not Reported,Not Applicable,0,0,0,454.96,459.9465958,Not Applicable,0,Designated,1956,Not Reported,Not Reported,Not Reported,Not Reported,State Verified,178,KE-700,KEN,KEN,Not Applicable,Not Applicable,conservancy 1,/Users/meeraburghardt/Desktop/WDPA_WDOECM_Jan2024_Public_KEN_shp/WDPA_WDOECM_Jan2024_Public_KEN_shp_1/WDPA_WDOECM_Jan2024_Public_KEN_shp-polygons.shp,456832666,2,0,0,2,0.004377970642,0.4377970642
7687,7687,1,Ngaia,Ngaia,Forest Reserve,Forest Reserve,National,Not Reported,Not Applicable,0,0,0,43.14,83.21940976,Not Applicable,0,Designated,1959,Not Reported,Not Reported,Not Reported,Not Reported,State Verified,178,KE-400,KEN,KEN,Not Applicable,Not Applicable,conservancy 1,/Users/meeraburghardt/Desktop/WDPA_WDOECM_Jan2024_Public_KEN_shp/WDPA_WDOECM_Jan2024_Public_KEN_shp_1/WDPA_WDOECM_Jan2024_Public_KEN_shp-polygons.shp,82662338,2,0,0,2,0.0241948153,2.41948153
7692,7692,1,North Nandi,North Nandi,Forest Reserve,Forest Reserve,National,Not Reported,Not Applicable,0,0,0,113.45,112.3166686,Not Applicable,0,Designated,1936,Not Reported,Not Reported,Not Reported,Not Reported,State Verified,178,KE-700,KEN,KEN,Not Applicable,Not Applicable,conservancy 1,/Users/meeraburghardt/Desktop/WDPA_WDOECM_Jan2024_Public_KEN_shp/WDPA_WDOECM_Jan2024_Public_KEN_shp_1/WDPA_WDOECM_Jan2024_Public_KEN_shp-polygons.shp,111564788,2,0,0,2,0.01792680321,1.792680321
7708,7708,1,Rumuruti,Rumuruti,Forest Reserve,Forest Reserve,National,Not Reported,Not Applicable,0,0,0,65.51,62.31033319,Not Applicable,0,Designated,1932,Not Reported,Not Reported,Not Reported,Not Reported,State Verified,178,KE-700,KEN,KEN,Not Applicable,Not Applicable,conservancy 1,/Users/meeraburghardt/Desktop/WDPA_WDOECM_Jan2024_Public_KEN_shp/WDPA_WDOECM_Jan2024_Public_KEN_shp_1/WDPA_WDOECM_Jan2024_Public_KEN_shp-polygons.shp,61893380,2,0,0,2,0.03231363354,3.231363354
7734,7734,1,Turbo,Turbo,Forest Reserve,Forest Reserve,National,Not Reported,Not Applicable,0,0,0,108.14,111.2372123,Not Applicable,0,Designated,1968,Not Reported,Not Reported,Not Reported,Not Reported,State Verified,178,KE-800,KEN,KEN,Not Applicable,Not Applicable,conservancy 1,/Users/meeraburghardt/Desktop/WDPA_WDOECM_Jan2024_Public_KEN_shp/WDPA_WDOECM_Jan2024_Public_KEN_shp_1/WDPA_WDOECM_Jan2024_Public_KEN_shp-polygons.shp,110492705,2,0,0,2,0.01810074249,1.810074249
10751,10751,1,Maralal,Maralal,National Sanctuary,National Sanctuary,National,IV,Not Applicable,0,0,0,5,4.926256981,Not Applicable,0,Designated,1988,Federal or national ministry or agency,State,Kenya Wildlife Service,Not Reported,State Verified,933,Not Reported,KEN,KEN,Not Applicable,Not Applicable,conservancy 1,/Users/meeraburghardt/Desktop/WDPA_WDOECM_Jan2024_Public_KEN_shp/WDPA_WDOECM_Jan2024_Public_KEN_shp_1/WDPA_WDOECM_Jan2024_Public_KEN_shp-polygons.shp,4926257,2,0,0,2,0.4059877509,40.59877509
17826,17826,1,Ol Jogi Ranch,Ol Jogi Ranch,Private Ranch,Private Ranch,National,Not Reported,Not Applicable,0,0,0,267,116.9777249,Not Applicable,0,Not Reported,1985,Non-profit organisations,Not Reported,Private,Not Reported,Not Reported,1775,KE-700,KEN,KEN,Not Applicable,Not Applicable,conservancy 1,/Users/meeraburghardt/Desktop/WDPA_WDOECM_Jan2024_Public_KEN_shp/WDPA_WDOECM_Jan2024_Public_KEN_shp_1/WDPA_WDOECM_Jan2024_Public_KEN_shp-polygons.shp,116195652,0,0,2,2,0.01721234801,1.721234801
33435,33435,1,Aberdare,Aberdare,Forest Reserve,Forest Reserve,National,Not Reported,Not Applicable,0,0,0,1033.16,953.2539942,Not Applicable,0,Designated,1943,Federal or national ministry or agency,Not Reported,Not Reported,Not Reported,Not Reported,1714,Not Reported,KEN,KEN,Not Applicable,Not Applicable,conservancy 1,/Users/meeraburghardt/Desktop/WDPA_WDOECM_Jan2024_Public_KEN_shp/WDPA_WDOECM_Jan2024_Public_KEN_shp_1/WDPA_WDOECM_Jan2024_Public_KEN_shp-polygons.shp,946873862,2,0,0,2,0.00211221376,0.211221376
62221,62221,1,Laikipia,Laikipia,National Reserve,National Reserve,National,VI,Not Applicable,0,0,0,165,167.0248138,Not Applicable,0,Designated,1991,Federal or national ministry or agency,State,Kenya Wildlife Service,Not Reported,State Verified,933,Not Reported,KEN,KEN,Not Applicable,Not Applicable,conservancy 2,/Users/meeraburghardt/Desktop/WDPA_WDOECM_Jan2024_Public_KEN_shp/WDPA_WDOECM_Jan2024_Public_KEN_shp_2/WDPA_WDOECM_Jan2024_Public_KEN_shp-polygons.shp,167024810,0,0,2,2,0.01197426897,1.197426897
103549,103549,1,Lake Naivasha,Lake Naivasha,"Ramsar Site, Wetland of International Importance","Ramsar Site, Wetland of International Importance",International,Not Reported,(i)(ii)(iii)(iv),0,0,0,300,289.5882655,Not Applicable,0,Designated,1995,Not Reported,Not Reported,Not Reported,Management plan is implented and available,State Verified,1856,KE-700,KEN,KEN,Not Applicable,Not Applicable,conservancy 2,/Users/meeraburghardt/Desktop/WDPA_WDOECM_Jan2024_Public_KEN_shp/WDPA_WDOECM_Jan2024_Public_KEN_shp_2/WDPA_WDOECM_Jan2024_Public_KEN_shp-polygons.shp,287649672,2,0,0,2,0.00695290207,0.695290207
555621998,555621998,1,Chepkitale,Chepkitale,National Reserve,National Reserve,National,Not Reported,Not Applicable,0,0,0,178.2,183.4135591,Not Applicable,0,Designated,2000,Federal or national ministry or agency,State,Kenya Wildlife Service,Not Reported,State Verified,933,Not Reported,KEN,KEN,Not Applicable,Not Applicable,conservancy 2,/Users/meeraburghardt/Desktop/WDPA_WDOECM_Jan2024_Public_KEN_shp/WDPA_WDOECM_Jan2024_Public_KEN_shp_2/WDPA_WDOECM_Jan2024_Public_KEN_shp-polygons.shp,183413590,2,0,0,2,0.0109043174,1.09043174
759,759,1,Shimba Hills,Shimba Hills,National Reserve,National Reserve,National,II,Not Applicable,0,0,0,192.51,193.4899243,Not Applicable,0,Designated,1968,Federal or national ministry or agency,State,Kenya Wildlife Service,Not Reported,State Verified,933,Not Reported,KEN,KEN,Not Applicable,Not Applicable,conservancy 3,/Users/meeraburghardt/Desktop/WDPA_WDOECM_Jan2024_Public_KEN_shp/WDPA_WDOECM_Jan2024_Public_KEN_shp_0/WDPA_WDOECM_Jan2024_Public_KEN_shp-polygons.shp,193490732,0,2,0,2,0.01033641239,1.033641239
760,760,1,Mt. Elgon,Mt. Elgon,National Park,National Park,National,II,Not Applicable,0,0,0,169,157.9973518,Not Applicable,0,Designated,1968,Federal or national ministry or agency,State,Kenya Wildlife Service,Not Reported,State Verified,933,Not Reported,KEN,KEN,Not Applicable,Not Applicable,conservancy 3,/Users/meeraburghardt/Desktop/WDPA_WDOECM_Jan2024_Public_KEN_shp/WDPA_WDOECM_Jan2024_Public_KEN_shp_0/WDPA_WDOECM_Jan2024_Public_KEN_shp-polygons.shp,157997355,2,0,0,2,0.01265843976,1.265843976
2419,2419,1,South Turkana,South Turkana,National Reserve,National Reserve,National,II,Not Applicable,0,0,0,1091,1085.552427,Not Applicable,0,Designated,1979,Federal or national ministry or agency,State,Kenya Wildlife Service,Not Reported,State Verified,933,Not Reported,KEN,KEN,Not Applicable,Not Applicable,conservancy 3,/Users/meeraburghardt/Desktop/WDPA_WDOECM_Jan2024_Public_KEN_shp/WDPA_WDOECM_Jan2024_Public_KEN_shp_0/WDPA_WDOECM_Jan2024_Public_KEN_shp-polygons.shp,1085555294,0,2,0,2,0.00184237506,0.184237506
7422,7422,1,Arabuko Sokoke,Arabuko Sokoke,Forest Reserve,Forest Reserve,National,Not Reported,Not Applicable,0,0,0,416.76,370.8393952,Not Applicable,0,Designated,1943,Not Reported,Not Reported,Not Reported,Not Reported,State Verified,178,KE-300,KEN,KEN,Not Applicable,Not Applicable,conservancy 3,/Users/meeraburghardt/Desktop/WDPA_WDOECM_Jan2024_Public_KEN_shp/WDPA_WDOECM_Jan2024_Public_KEN_shp_0/WDPA_WDOECM_Jan2024_Public_KEN_shp-polygons.shp,368373417,2,0,0,2,0.005429273416,0.5429273416
7577,7577,1,Kaptagat,Kaptagat,Forest Reserve,Forest Reserve,National,Not Reported,Not Applicable,0,0,0,129.85,118.0722625,Not Applicable,0,Designated,1941,Not Reported,Not Reported,Not Reported,Not Reported,State Verified,178,KE-700,KEN,KEN,Not Applicable,Not Applicable,conservancy 3,/Users/meeraburghardt/Desktop/WDPA_WDOECM_Jan2024_Public_KEN_shp/WDPA_WDOECM_Jan2024_Public_KEN_shp_0/WDPA_WDOECM_Jan2024_Public_KEN_shp-polygons.shp,117282165,2,0,0,2,0.0170528912,1.70528912
7596,7596,1,Kieiga,Kieiga,Forest Reserve,Forest Reserve,National,Not Reported,Not Applicable,0,0,0,5.73,6.00317996,Not Applicable,0,Designated,1959,Not Reported,Not Reported,Not Reported,Not Reported,State Verified,178,KE-400,KEN,KEN,Not Applicable,Not Applicable,conservancy 3,/Users/meeraburghardt/Desktop/WDPA_WDOECM_Jan2024_Public_KEN_shp/WDPA_WDOECM_Jan2024_Public_KEN_shp_0/WDPA_WDOECM_Jan2024_Public_KEN_shp-polygons.shp,5962992,2,0,0,2,0.3354020934,33.54020934
7696,7696,1,Nuu,Nuu,Forest Reserve,Forest Reserve,National,Not Reported,Not Applicable,0,0,0,25.32,45.58026444,Not Applicable,0,Designated,1961,Not Reported,Not Reported,Not Reported,Not Reported,State Verified,178,Not Reported,KEN,KEN,Not Applicable,Not Applicable,conservancy 1,/Users/meeraburghardt/Desktop/WDPA_WDOECM_Jan2024_Public_KEN_shp/WDPA_WDOECM_Jan2024_Public_KEN_shp_1/WDPA_WDOECM_Jan2024_Public_KEN_shp-polygons.shp,45275342,1,0,0,1,0.02208707777,2.208707777
7697,7697,1,Nyambeni,Nyambeni,Forest Reserve,Forest Reserve,National,Not Reported,Not Applicable,0,0,0,54.54,52.54664321,Not Applicable,0,Designated,1959,Not Reported,Not Reported,Not Reported,Not Reported,State Verified,178,KE-400,KEN,KEN,Not Applicable,Not Applicable,conservancy 1,/Users/meeraburghardt/Desktop/WDPA_WDOECM_Jan2024_Public_KEN_shp/WDPA_WDOECM_Jan2024_Public_KEN_shp_1/WDPA_WDOECM_Jan2024_Public_KEN_shp-polygons.shp,52194882,1,0,0,1,0.01915896658,1.915896658
7699,7699,1,Nyeri,Nyeri,Forest Reserve,Forest Reserve,National,Not Reported,Not Applicable,0,0,0,12.14,12.0425562,Not Applicable,0,Designated,1932,Federal or national ministry or agency,Not Reported,Not Reported,Not Reported,Not Reported,1714,Not Reported,KEN,KEN,Not Applicable,Not Applicable,conservancy 1,/Users/meeraburghardt/Desktop/WDPA_WDOECM_Jan2024_Public_KEN_shp/WDPA_WDOECM_Jan2024_Public_KEN_shp_1/WDPA_WDOECM_Jan2024_Public_KEN_shp-polygons.shp,11961940,1,0,0,1,0.08359847985,8.359847985
7703,7703,1,Ol-bolossat,Ol-bolossat,Forest Reserve,Forest Reserve,National,Not Reported,Not Applicable,0,0,0,32.69,36.28972084,Not Applicable,0,Designated,1938,Not Reported,Not Reported,Not Reported,Not Reported,State Verified,178,Not Reported,KEN,KEN,Not Applicable,Not Applicable,conservancy 1,/Users/meeraburghardt/Desktop/WDPA_WDOECM_Jan2024_Public_KEN_shp/WDPA_WDOECM_Jan2024_Public_KEN_shp_1/WDPA_WDOECM_Jan2024_Public_KEN_shp-polygons.shp,36046803,1,0,0,1,0.02774171124,2.774171124
7730,7730,1,Transmara,Transmara,Forest Reserve,Forest Reserve,National,Not Reported,Not Applicable,0,0,0,344.57,378.208057,Not Applicable,0,Designated,1941,Not Reported,Not Reported,Not Reported,Not Reported,State Verified,178,KE-700,KEN,KEN,Not Applicable,Not Applicable,conservancy 1,/Users/meeraburghardt/Desktop/WDPA_WDOECM_Jan2024_Public_KEN_shp/WDPA_WDOECM_Jan2024_Public_KEN_shp_1/WDPA_WDOECM_Jan2024_Public_KEN_shp-polygons.shp,375671276,1,0,0,1,0.002661901678,0.2661901678
33499,33499,1,South-western Mau,South-western Mau,Forest Reserve,Forest Reserve,National,Not Reported,Not Applicable,0,0,0,841.29,835.4944055,Not Applicable,0,Designated,1932,Not Reported,Not Reported,Not Reported,Not Reported,State Verified,178,KE-700,KEN,KEN,Not Applicable,Not Applicable,conservancy 2,/Users/meeraburghardt/Desktop/WDPA_WDOECM_Jan2024_Public_KEN_shp/WDPA_WDOECM_Jan2024_Public_KEN_shp_2/WDPA_WDOECM_Jan2024_Public_KEN_shp-polygons.shp,829902577,1,0,0,1,0.001204960712,0.1204960712
145586,145586,1,Lake Turkana National Parks,Parcs nationaux du Lac Turkana,World Heritage Site (natural or mixed),World Heritage Site (natural or mixed),International,Not Applicable,(viii)(x),0,0,0,1614.85,1545.489703,Not Applicable,0,Inscribed,1997,Not Reported,Not Reported,Not Reported,Not Reported,State Verified,946,KE-400,KEN,KEN,Not Applicable,Not Applicable,conservancy 2,/Users/meeraburghardt/Desktop/WDPA_WDOECM_Jan2024_Public_KEN_shp/WDPA_WDOECM_Jan2024_Public_KEN_shp_2/WDPA_WDOECM_Jan2024_Public_KEN_shp-polygons.shp,1535238503,0,1,0,1,0.0006513645913,0.06513645913
555555493,555555493,1,Makurian (Oreteti),Makurian,Group Ranch,Group Ranch,National,Not Reported,Not Applicable,0,0,0,64.64,66.86421359,Not Applicable,0,Designated,2010,Local communities,Not Reported,Not Reported,Not Reported,Not Reported,1714,Not Reported,KEN,KEN,Not Applicable,Not Applicable,conservancy 2,/Users/meeraburghardt/Desktop/WDPA_WDOECM_Jan2024_Public_KEN_shp/WDPA_WDOECM_Jan2024_Public_KEN_shp_2/WDPA_WDOECM_Jan2024_Public_KEN_shp-polygons.shp,66418162,0,0,1,1,0.01505612275,1.505612275
752,752,1,Tsavo East,Tsavo East,National Park,National Park,National,II,Not Applicable,0,0,0,11747,13380.52676,Not Applicable,0,Designated,1948,Federal or national ministry or agency,State,Kenya Wildlife Service,Not Reported,State Verified,933,Not Reported,KEN,KEN,Not Applicable,Not Applicable,conservancy 3,/Users/meeraburghardt/Desktop/WDPA_WDOECM_Jan2024_Public_KEN_shp/WDPA_WDOECM_Jan2024_Public_KEN_shp_0/WDPA_WDOECM_Jan2024_Public_KEN_shp-polygons.shp,,0,1,0,1,0,0
754,754,1,Sibiloi,Sibiloi,National Park,National Park,National,II,Not Applicable,0,0,0,1570,1542.561771,Not Applicable,0,Designated,1973,Federal or national ministry or agency,State,Kenya Wildlife Service,Not Reported,State Verified,933,Not Reported,KEN,KEN,Not Applicable,Not Applicable,conservancy 3,/Users/meeraburghardt/Desktop/WDPA_WDOECM_Jan2024_Public_KEN_shp/WDPA_WDOECM_Jan2024_Public_KEN_shp_0/WDPA_WDOECM_Jan2024_Public_KEN_shp-polygons.shp,1542561547,0,1,0,1,0.0006482723506,0.06482723506
757,757,1,Mt. Kenya,Mt. Kenya,National Park,National Park,National,Not Reported,Not Applicable,0,0,0,715,593.4935884,Not Applicable,0,Designated,1968,Federal or national ministry or agency,State,Kenya Wildlife Service,Not Reported,State Verified,933,Not Reported,KEN,KEN,Not Applicable,Not Applicable,conservancy 3,/Users/meeraburghardt/Desktop/WDPA_WDOECM_Jan2024_Public_KEN_shp/WDPA_WDOECM_Jan2024_Public_KEN_shp_0/WDPA_WDOECM_Jan2024_Public_KEN_shp-polygons.shp,593493588,1,0,0,1,0.00168493817,0.168493817
2299,2299,1,Tana River Primate,Tana River Primate,National Reserve,National Reserve,National,II,Not Applicable,0,0,0,169,170.1435309,Not Applicable,0,Designated,1976,Federal or national ministry or agency,State,Kenya Wildlife Service,Not Reported,State Verified,933,Not Reported,KEN,KEN,Not Applicable,Not Applicable,conservancy 3,/Users/meeraburghardt/Desktop/WDPA_WDOECM_Jan2024_Public_KEN_shp/WDPA_WDOECM_Jan2024_Public_KEN_shp_0/WDPA_WDOECM_Jan2024_Public_KEN_shp-polygons.shp,170143582,0,0,1,1,0.005877388899,0.5877388899
2418,2418,1,Rahole,Rahole,National Reserve,National Reserve,National,VI,Not Applicable,0,0,0,1270,1270.389668,Not Applicable,0,Designated,1976,Federal or national ministry or agency,State,Kenya Wildlife Service,Not Reported,State Verified,933,Not Reported,KEN,KEN,Not Applicable,Not Applicable,conservancy 3,/Users/meeraburghardt/Desktop/WDPA_WDOECM_Jan2024_Public_KEN_shp/WDPA_WDOECM_Jan2024_Public_KEN_shp_0/WDPA_WDOECM_Jan2024_Public_KEN_shp-polygons.shp,1270389668,1,0,0,1,0.0007871600543,0.07871600543
2422,2422,1,Bisandi,Bisandi,National Reserve,National Reserve,National,VI,Not Applicable,0,0,0,606,606.8156754,Not Applicable,0,Designated,1979,Federal or national ministry or agency,State,Kenya Wildlife Service,Not Reported,State Verified,933,Not Reported,KEN,KEN,Not Applicable,Not Applicable,conservancy 3,/Users/meeraburghardt/Desktop/WDPA_WDOECM_Jan2024_Public_KEN_shp/WDPA_WDOECM_Jan2024_Public_KEN_shp_0/WDPA_WDOECM_Jan2024_Public_KEN_shp-polygons.shp,606815675,1,0,0,1,0.001647946883,0.1647946883
2590,2590,1,South Kitui,South Kitui,National Reserve,National Reserve,National,VI,Not Applicable,0,0,0,1833,1828.271234,Not Applicable,0,Designated,1979,Federal or national ministry or agency,State,Kenya Wildlife Service,Not Reported,State Verified,933,Not Reported,KEN,KEN,Not Applicable,Not Applicable,conservancy 3,/Users/meeraburghardt/Desktop/WDPA_WDOECM_Jan2024_Public_KEN_shp/WDPA_WDOECM_Jan2024_Public_KEN_shp_0/WDPA_WDOECM_Jan2024_Public_KEN_shp-polygons.shp,1828272942,1,0,0,1,0.0005469642836,0.05469642836
2595,2595,1,Ngai Ndethia,Ngai Ndethia,National Reserve,National Reserve,National,VI,Not Applicable,0,0,0,212,215.9002566,Not Applicable,0,Designated,1976,Federal or national ministry or agency,State,Kenya Wildlife Service,Not Reported,State Verified,933,Not Reported,KEN,KEN,Not Applicable,Not Applicable,conservancy 3,/Users/meeraburghardt/Desktop/WDPA_WDOECM_Jan2024_Public_KEN_shp/WDPA_WDOECM_Jan2024_Public_KEN_shp_0/WDPA_WDOECM_Jan2024_Public_KEN_shp-polygons.shp,215900255,1,0,0,1,0.004631768499,0.4631768499
7408,7408,1,Taita Hills,Taita Hills,Wildlife Sanctuary,Wildlife Sanctuary,National,Not Reported,Not Applicable,0,0,0,113.4,109.35809,Not Applicable,0,Designated,1973,Non-profit organisations,Not Reported,Not Reported,Not Reported,Not Reported,1714,KE-300,KEN,KEN,Not Applicable,Not Applicable,conservancy 3,/Users/meeraburghardt/Desktop/WDPA_WDOECM_Jan2024_Public_KEN_shp/WDPA_WDOECM_Jan2024_Public_KEN_shp_0/WDPA_WDOECM_Jan2024_Public_KEN_shp-polygons.shp,108631661,1,0,0,1,0.009205419403,0.9205419403
7506,7506,1,Hell's Gate,Hell's Gate,National Park,National Park,National,II,Not Applicable,0,0,0,68.26,68.16698214,Not Applicable,0,Designated,1984,Federal or national ministry or agency,State,Kenya Wildlife Service,Not Reported,State Verified,933,Not Reported,KEN,KEN,Not Applicable,Not Applicable,conservancy 3,/Users/meeraburghardt/Desktop/WDPA_WDOECM_Jan2024_Public_KEN_shp/WDPA_WDOECM_Jan2024_Public_KEN_shp_0/WDPA_WDOECM_Jan2024_Public_KEN_shp-polygons.shp,68166945,1,0,0,1,0.01466986675,1.466986675
7544,7544,1,Bunyala,Bunyala,Forest Reserve,Forest Reserve,National,Not Reported,Not Applicable,0,0,0,8.08,10.29749858,Not Applicable,0,Designated,1956,Not Reported,Not Reported,Not Reported,Not Reported,State Verified,178,KE-800,KEN,KEN,Not Applicable,Not Applicable,conservancy 3,/Users/meeraburghardt/Desktop/WDPA_WDOECM_Jan2024_Public_KEN_shp/WDPA_WDOECM_Jan2024_Public_KEN_shp_0/WDPA_WDOECM_Jan2024_Public_KEN_shp-polygons.shp,10228569,1,0,0,1,0.09776538634,9.776538634
7546,7546,1,Cheboit,Cheboit,Forest Reserve,Forest Reserve,National,Not Reported,Not Applicable,0,0,0,25.27,25.07516401,Not Applicable,0,Proposed,0,Not Reported,Not Reported,Not Reported,Not Reported,State Verified,178,KE-700,KEN,KEN,Not Applicable,Not Applicable,conservancy 3,/Users/meeraburghardt/Desktop/WDPA_WDOECM_Jan2024_Public_KEN_shp/WDPA_WDOECM_Jan2024_Public_KEN_shp_0/WDPA_WDOECM_Jan2024_Public_KEN_shp-polygons.shp,24907393,0,1,0,1,0.04014872211,4.014872211
7560,7560,1,Gogoni,Gogoni,Forest Reserve,Forest Reserve,National,Not Reported,Not Applicable,0,0,0,8.24,7.885284405,Not Applicable,0,Designated,1932,Not Reported,Not Reported,Not Reported,Not Reported,State Verified,178,KE-300,KEN,KEN,Not Applicable,Not Applicable,conservancy 3,/Users/meeraburghardt/Desktop/WDPA_WDOECM_Jan2024_Public_KEN_shp/WDPA_WDOECM_Jan2024_Public_KEN_shp_0/WDPA_WDOECM_Jan2024_Public_KEN_shp-polygons.shp,7833114,0,1,0,1,0.127663149,12.7663149
7572,7572,1,Kapchemutwa,Kapchemutwa,Forest Reserve,Forest Reserve,National,Not Reported,Not Applicable,0,0,0,88.74,92.7029312,Not Applicable,0,Designated,1941,Not Reported,Not Reported,Not Reported,Not Reported,State Verified,178,KE-700,KEN,KEN,Not Applicable,Not Applicable,conservancy 3,/Users/meeraburghardt/Desktop/WDPA_WDOECM_Jan2024_Public_KEN_shp/WDPA_WDOECM_Jan2024_Public_KEN_shp_0/WDPA_WDOECM_Jan2024_Public_KEN_shp-polygons.shp,92081983,0,1,0,1,0.01085988776,1.085988776
7574,7574,1,Kapkanyar,Kapkanyar,Forest Reserve,Forest Reserve,National,Not Reported,Not Applicable,0,0,0,57.64,70.35872705,Not Applicable,0,Designated,1967,Not Reported,Not Reported,Not Reported,Not Reported,State Verified,178,KE-700,KEN,KEN,Not Applicable,Not Applicable,conservancy 3,/Users/meeraburghardt/Desktop/WDPA_WDOECM_Jan2024_Public_KEN_shp/WDPA_WDOECM_Jan2024_Public_KEN_shp_0/WDPA_WDOECM_Jan2024_Public_KEN_shp-polygons.shp,69888043,1,0,0,1,0.01430859925,1.430859925
7614,7614,1,Kiptaberr,Kiptaberr,Forest Reserve,Forest Reserve,National,Not Reported,Not Applicable,0,0,0,128.01,107.2432084,Not Applicable,0,Designated,1967,Not Reported,Not Reported,Not Reported,Not Reported,State Verified,178,KE-700,KEN,KEN,Not Applicable,Not Applicable,conservancy 3,/Users/meeraburghardt/Desktop/WDPA_WDOECM_Jan2024_Public_KEN_shp/WDPA_WDOECM_Jan2024_Public_KEN_shp_0/WDPA_WDOECM_Jan2024_Public_KEN_shp-polygons.shp,106524056,1,0,0,1,0.009387550921,0.9387550921
,,,,,Kenya,,,,,,,,,,,,,,,,,,,,,,,,,,,,,,,,0.02562276236,2.562276236