"","x","y","avg_rainfall","avg_phytomass"
"1",34.25,-0.75,10.2991547175816,77.8457220168341
"2",34.25,-0.25,11.4489714486258,76.8367414928618
"3",34.25,0.25,13.5278762817383,82.0669857206799
"4",34.25,4.25,4.57156666346959,28.0870361782256
"5",34.75,-1.25,11.7934976850237,78.29260072254
"6",34.75,-0.75,13.2256216049194,91.7244368053618
"7",34.75,0.25,14.91042137146,92.1882542201451
"8",34.75,0.75,12.4376476287842,80.7274580455962
"9",34.75,3.25,4.30130003520421,28.8243396395729
"10",34.75,3.75,4.10011905942644,13.7810467311314
"11",34.75,4.25,4.04538570131574,12.676874819256
"12",35.25,-1.25,8.61615475245885,58.388118380592
"13",35.25,-0.75,12.0387118748256,95.1901546659924
"14",35.25,-0.25,14.6093237740653,95.545528230213
"15",35.25,0.25,12.3240333012172,89.3566647484189
"16",35.25,0.75,10.6702357428414,68.1304946172805
"17",35.25,1.25,10.6697737557547,72.261854262579
"18",35.25,1.75,10.8348260879517,47.1427608671642
"19",35.25,2.25,4.99232378005981,33.391874676659
"20",35.25,2.75,2.39997856276376,9.02789302099319
"21",35.25,3.25,2.34035714013236,11.3353068487985
"22",35.25,3.75,2.81850952761514,9.05735722042265
"23",35.25,4.25,3.31691431658609,10.0151483672006
"24",35.75,-1.75,6.57433092934745,60.4139807564872
"25",35.75,-1.25,6.70026907239641,40.2235161009289
"26",35.75,-0.75,8.09491188866752,79.4463570004418
"27",35.75,-0.25,9.96358806065151,75.3598436628069
"28",35.75,0.25,10.1286215237209,73.3952792939686
"29",35.75,0.75,11.7261977331979,61.3597005208333
"30",35.75,1.25,11.1108690806798,53.6317480178106
"31",35.75,1.75,10.0333976745605,27.0989785875593
"32",35.75,2.25,4.37370713778904,10.1197004999433
"33",35.75,2.75,2.00542857646942,3.24525096870604
"34",35.75,3.25,1.89811429636819,3.65499990327018
"35",35.75,3.75,2.51085715293884,7.23420229412261
"36",35.75,4.25,3.04740000452314,13.0629183905465
"37",36.25,-2.25,5.12645956448146,26.4807090759277
"38",36.25,-1.75,4.69819053581783,27.9540550595238
"39",36.25,-1.25,6.61129044805254,35.3378057025728
"40",36.25,-0.75,6.080988073349,57.8825000581287
"41",36.25,-0.25,8.10312136241368,65.9993295215425
"42",36.25,0.25,7.52208337783813,60.1098474775042
"43",36.25,0.75,7.01244760240827,41.4297985803513
"44",36.25,1.25,7.07662380763463,25.4934117453439
"45",36.25,1.75,5.71424288749695,8.7145813533238
"46",36.25,2.25,4.14123337609427,7.69900240216936
"47",36.25,2.75,2.29091190610613,4.31638939040048
"48",36.25,4.25,3.21237620285579,7.35132794153123
"49",36.75,-2.25,5.35845477240426,39.9739285423642
"50",36.75,-1.75,5.11081664902823,34.2134967985607
"51",36.75,-1.25,7.95502150399344,51.9178214300246
"52",36.75,-0.75,12.3611905779157,83.6242850167411
"53",36.75,-0.25,8.32561430249895,64.4687823341006
"54",36.75,0.25,5.63094996043614,40.7367358434768
"55",36.75,0.75,4.98729045731681,40.517122450329
"56",36.75,1.25,5.39421907152448,47.5899116879418
"57",36.75,1.75,4.8838119166238,20.5075791222709
"58",36.75,2.25,4.2369380746569,19.9944960730416
"59",36.75,2.75,2.40872856548854,15.005711555481
"60",36.75,3.25,1.64476186888559,3.98520215352376
"61",36.75,3.75,2.26225713321141,8.69550425665719
"62",36.75,4.25,3.3341737985611,15.0308916909354
"63",37.25,-2.75,7.44591192517962,33.6311594645182
"64",37.25,-2.25,4.99500240598406,31.8721168154762
"65",37.25,-1.75,5.96120951516288,44.4559362502325
"66",37.25,-1.25,7.18816896847316,49.2581847054618
"67",37.25,-0.75,9.54330731800624,67.816593896775
"68",37.25,-0.25,11.1276737758092,73.5105787004743
"69",37.25,0.25,6.18323099272592,44.0889413016183
"70",37.25,0.75,4.32463571684701,23.0315806525094
"71",37.25,1.25,4.56555716650827,37.4414287748791
"72",37.25,1.75,4.76736183166504,27.5916333879743
"73",37.25,2.25,4.69852858952114,6.81318371636527
"74",37.25,2.75,3.10549046652658,8.18249518530709
"75",37.25,3.25,1.88855475187302,4.23906898498535
"76",37.25,3.75,2.27805238110679,8.42699189413161
"77",37.75,-3.25,6.697438117436,46.4199267796108
"78",37.75,-2.75,5.92218337059021,39.4334735870361
"79",37.75,-2.25,5.01599279131208,36.2677227201916
"80",37.75,-1.75,6.25731186185564,43.7432716006324
"81",37.75,-1.25,6.29951663017273,38.4664605458577
"82",37.75,-0.75,7.28125957761492,44.8986077081589
"83",37.75,-0.25,10.8018380846296,73.4477168491909
"84",37.75,0.25,8.38206905637469,65.8156938098726
"85",37.75,0.75,3.54440237794604,17.6765089943295
"86",37.75,1.25,3.46078574316842,14.2679729915801
"87",37.75,1.75,5.31508570058005,10.2132185981387
"88",37.75,2.25,5.65240709951946,18.6617874872117
"89",37.75,2.75,4.70213808672769,4.69423515456063
"90",37.75,3.25,3.19954048820904,13.4593428430103
"91",37.75,3.75,3.86485951628004,12.7397884641375
"92",38.25,-3.75,5.87066185133798,29.6410461607434
"93",38.25,-3.25,5.62220713070461,36.2643657865978
"94",38.25,-2.75,5.2626332623618,32.9195660182408
"95",38.25,-2.25,5.29741183008466,36.2273655846005
"96",38.25,-1.75,5.26236425127302,39.7365938822428
"97",38.25,-1.25,6.58331186430795,49.7431161063058
"98",38.25,-0.75,5.79363567147936,38.8182120550246
"99",38.25,-0.25,5.64010470594679,30.9245387486049
"100",38.25,0.25,5.14137383869716,37.0261098770868
"101",38.25,0.75,3.53920711789812,18.9503368650164
"102",38.25,1.25,3.66879522289549,10.8097038950239
"103",38.25,1.75,5.52774525710515,9.10322289239793
"104",38.25,2.25,5.79929047652653,20.2985374813988
"105",38.25,2.75,5.73659287861415,10.3252842766898
"106",38.25,3.25,5.22852378572736,12.3128880773272
"107",38.75,-4.25,6.25120240620204,32.8662488119943
"108",38.75,-3.75,4.82828332356044,28.6161459059942
"109",38.75,-3.25,4.31148575374058,19.8077949796404
"110",38.75,-2.75,4.58049045290266,19.0300275257656
"111",38.75,-2.25,5.26641187667847,22.2521483103434
"112",38.75,-1.75,4.87671434538705,23.8040704273042
"113",38.75,-1.25,5.46503814288548,26.5073330288842
"114",38.75,-0.75,5.05639998572213,25.9606199718657
"115",38.75,-0.25,3.97857380253928,20.5595726739793
"116",38.75,0.25,3.51410950762885,13.2685523260207
"117",38.75,0.75,3.35298573459898,9.09377647581555
"118",38.75,1.25,3.28037853240967,10.3199648175921
"119",38.75,1.75,4.2995237827301,7.3678073428926
"120",38.75,2.25,4.59392138804708,11.2746412867591
"121",38.75,2.75,4.55168098040989,15.0291154044015
"122",38.75,3.25,5.13177858080183,17.8246750150408
"123",39.25,-4.25,7.38686668532235,50.1141893296015
"124",39.25,-3.75,5.55134047099522,34.9615519387381
"125",39.25,-3.25,4.4439356974193,20.3178651446388
"126",39.25,-2.75,4.54689528942108,12.5023498081026
"127",39.25,-2.25,4.98710953167507,11.8105441956293
"128",39.25,-1.75,4.13552619389125,11.5586343946911
"129",39.25,-1.25,3.74620477812631,11.779197647458
"130",39.25,-0.75,3.22274525506156,12.9029034659976
"131",39.25,-0.25,2.94306904247829,11.4569206691924
"132",39.25,0.25,3.01932143483843,9.05395253499349
"133",39.25,0.75,3.03697618586676,6.84939787501381
"134",39.25,1.25,2.94488094874791,7.30042077246166
"135",39.25,1.75,2.82040236166545,6.57896366573515
"136",39.25,2.25,2.81336428948811,9.33554924102057
"137",39.25,2.75,3.02314758641379,14.7339160101754
"138",39.25,3.25,4.42460952486311,24.8577707381476
"139",39.75,-3.75,8.14164767946516,53.1180899483817
"140",39.75,-3.25,6.19379519053868,48.8149893624442
"141",39.75,-2.75,5.61265002999987,38.8545123508998
"142",39.75,-2.25,5.21844763755798,21.5650373186384
"143",39.75,-1.75,4.03089291027614,13.9344357081822
"144",39.75,-1.25,3.23480001517705,11.0554397673834
"145",39.75,-0.75,2.94972379888807,10.1477623212905
"146",39.75,-0.25,2.89035476957049,9.13452618462699
"147",39.75,0.25,2.85037383181708,7.36348277046567
"148",39.75,0.75,2.77537857123784,7.736446028664
"149",39.75,1.25,2.82015233891351,7.40438724699475
"150",39.75,1.75,2.83613335064479,6.28928307124547
"151",39.75,2.25,2.79331907885415,8.65546321868896
"152",39.75,2.75,2.67662378208978,13.7823724746704
"153",39.75,3.25,3.52359523773193,19.5751837775821
"154",40.25,-2.25,6.74358806610107,41.5302615392776
"155",40.25,-1.75,5.07228810787201,24.6349466414679
"156",40.25,-1.25,3.48604049001421,17.2629658835275
"157",40.25,-0.75,3.06866901261466,14.1118654069446
"158",40.25,-0.25,2.98948810100555,11.5462023417155
"159",40.25,0.25,3.1524404491697,8.86158573059809
"160",40.25,0.75,3.06155475207738,9.38116039548601
"161",40.25,1.25,2.90470956393651,8.59378714788528
"162",40.25,1.75,2.88003329719816,9.58072401228405
"163",40.25,2.25,2.82345238924026,13.170693442935
"164",40.25,2.75,2.70387617349625,13.578784942627
"165",40.25,3.25,2.79523811510631,16.3882039388021
"166",40.25,3.75,3.6110904284886,22.1848321642194
"167",40.75,-2.25,8.44889282499041,57.0743063063849
"168",40.75,-1.75,7.38503812381199,45.3928691319057
"169",40.75,-1.25,4.67957851886749,27.1579425448463
"170",40.75,-0.75,3.2941547530038,21.7889084588914
"171",40.75,-0.25,3.21500474044255,16.181668190729
"172",40.75,0.25,3.29759762627738,10.8124420756385
"173",40.75,0.75,3.36814517974854,8.87758470716931
"174",40.75,1.25,3.14669528007507,9.50407423291888
"175",40.75,1.75,2.88241428818022,10.4002987316677
"176",40.75,2.25,2.81854520525251,12.5719538189116
"177",40.75,2.75,2.71809282984052,11.387842746008
"178",40.75,3.25,2.62016904013498,15.0672503425961
"179",40.75,3.75,2.51430949483599,17.0640828722999
"180",40.75,4.25,2.84547619138445,24.1534858885266
"181",41.25,-1.75,8.26268100057329,65.3603370303199
"182",41.25,-1.25,7.25290002822876,42.9881491888137
"183",41.25,3.25,2.62425717626299,13.4540893009731
"184",41.25,3.75,2.47945238862719,9.65463195528303
