model,term,estimate,std.error,statistic,p.value,conf.low,conf.high
precip_acled,(Intercept),-244.8882638592125,354.8183183856211,-0.6901793147924926,0.4972985434564743,-980.7364183581478,490.9598906397229
precip_acled,precip_value,0.7497768948225786,0.4759079050422608,1.57546635993785,0.12942093555163378,-0.2371956922471926,1.7367494818923497
precip_acled,election_yr,-224.36305550482882,995.7983924760646,-0.2253097185133503,0.8238181200038254,-2289.522522723062,1840.7964117134043
precip_acled,precip_value:election_yr,0.5816233029606445,1.1484040588314333,0.5064622494912456,0.6175703761749174,-1.8000209457215353,2.9632675516428244
precip_ucdp,(Intercept),-22.3792622886055,30.68062231122225,-0.7294266088083777,0.47139788146218353,-85.03745217699593,40.278927599784936
precip_ucdp,precip_value,0.07435424023791189,0.042037284122488965,1.7687688867163067,0.08710022174892205,-0.011497347263156682,0.16020582773898046
precip_ucdp,election_yr,-3.052498316447646,75.69241460573362,-0.04032766469860274,0.9680990909910259,-157.6370318166709,151.53203518377563
precip_ucdp,precip_value:election_yr,0.00292757959062376,0.09077593327130881,0.032250614068311305,0.97448580854212,-0.18246160862440938,0.1883167678056569
index_acled,(Intercept),218.27272727272737,99.39979469475828,2.195907224386226,0.03947094681820271,11.559538062419051,424.9859164830357
index_acled,precip_indexmedium,79.72727272727248,192.48687473461752,0.414195891731282,0.6829307202680088,-320.57109689920077,480.0256423537457
index_acled,precip_indexhigh,274.5272727272725,177.81175830960188,1.5439208033097096,0.13754411154340096,-95.25252160874771,644.3070670632926
index_acled,election_yr,293.95000000000005,221.1505821098657,1.3291848350368267,0.19804800299450823,-165.95781232526224,753.8578123252623
index_acled,precip_indexmedium:election_yr,-51.94999999999996,361.1373883257634,-0.14385107075409911,0.88698957161828,-802.976312611054,699.0763126110542
index_acled,precip_indexhigh:election_yr,NA,NA,NA,NA,NA,NA
index_ucdp,(Intercept),25.39999999999999,7.817129716641698,3.2492744678301224,0.0030049983242341153,9.3873356600913,41.41266433990869
index_ucdp,precip_indexmedium,-1.5428571428571516,13.858289804557211,-0.11133099138609388,0.9121481202939494,-29.930276951580367,26.844562665866064
index_ucdp,precip_indexhigh,31.999999999999993,15.634259433283399,2.0467870663496837,0.0501694013087354,-0.02532867981739173,64.02532867981738
index_ucdp,election_yr,0.5999999999999852,31.268518866566822,0.0191886287470278,0.984826715771729,-63.45065735963484,64.6506573596348
index_ucdp,precip_indexmedium:election_yr,26.042857142857166,39.58498868207692,0.6578972992014196,0.5159770304807282,-55.04331638139312,107.12903066710746
index_ucdp,precip_indexhigh:election_yr,-19.49999999999997,37.285332396329295,-0.5229938623778966,0.6050929054692669,-95.8755411648505,56.87554116485056
ndvi_acled,(Intercept),-2005.1473349071673,2039.8939111987202,-0.9829664787463704,0.3394076124764617,-6308.947285881559,2298.652616067224
ndvi_acled,ndvi_mean,4164.3159467953255,3630.5695790798472,1.1470144989896474,0.2672632513929551,-3495.5163075550827,11824.148201145734
ndvi_acled,election_yr,11504.926979425858,4131.115165871937,2.784944625720102,0.012701284373970445,2789.035848645779,20220.81811020594
ndvi_acled,ndvi_mean:election_yr,-19599.671564217348,7342.112033116424,-2.6694868555278766,0.016171686754942353,-35090.173905883814,-4109.169222550878
ndvi_ucdp,(Intercept),-95.90909103623655,224.94008909570525,-0.4263761582997778,0.6751838676313974,-570.4911950895696,378.67301301709654
ndvi_ucdp,ndvi_mean,252.9605433441614,400.34466503528944,0.6318569108991712,0.5358858023380925,-591.6928674497533,1097.613954138076
ndvi_ucdp,election_yr,426.8759612776476,455.54006920378896,0.9370766484356873,0.36184203166487106,-534.2295730557735,1387.9814956110686
ndvi_ucdp,ndvi_mean:election_yr,-754.5678815403598,809.6182481908347,-0.932004538220958,0.36438258809220714,-2462.713073671503,953.5773105907833
desig_total,(Intercept),0.3809523809523909,2.11583250162205,0.18004845877938983,0.8572615560819918,-3.7863398013931926,4.548244563297975
desig_total,DESIGCommunity Nature Reserve,20.833333333333268,2.798983307579797,7.443178841729954,1.6142964733054683e-12,15.32052395581826,26.346142710848277
desig_total,DESIGForest Reserve,3.076411960132874,2.281560862838739,1.3483804049413672,0.17876620142742136,-1.4172947675804517,7.5701186878461995
desig_total,DESIGMarine National Park,-0.3809523809523882,5.28958125405512,-0.07201938351175548,0.9426445287822967,-10.799182836816339,10.037278074911562
desig_total,DESIGMarine National Reserve,0.11904761904757812,4.488358529255541,0.026523642946884612,0.9788610060437375,-8.721114064919162,8.959209303014317
desig_total,DESIGNational Park,1.0538302277432674,2.926467492866423,0.360103172275821,0.7190764635008394,-4.7100688973346365,6.817729352821171
desig_total,DESIGNational Reserve,5.756978653530381,2.7782241831665493,2.0721793037481673,0.039282341108750694,0.2850559420503016,11.228901365010461
desig_total,DESIGNational Sanctuary,0.01904761904758351,4.824840443950978,0.0039478236159009115,0.9968532743963185,-9.483840651988782,9.521935890083949
desig_total,DESIGNot Reported,-0.38095238095240247,4.824840443950975,-0.07895647231817006,0.9371309158071381,-9.883840651988761,9.121935890083956
desig_total,DESIGPrivate Ranch,1.8690476190476002,5.289581254055117,0.35334510035454025,0.7241299091878028,-8.5491828368163425,12.287278074911544
desig_total,"DESIGRamsar Site, Wetland of International Importance",0.28571428571426744,5.984478039007382,0.04774255730440571,0.9619598413669226,-11.50116795957471,12.072596531003244
desig_total,DESIGWorld Heritage Site (natural or mixed),1.6190476190475984,5.984478039007384,0.2705411580583128,0.7869689734373984,-10.16783462624138,13.405929864336578
desig_density,(Intercept),0.21846885402259728,10.089366206220037,0.021653377383399213,0.9827418659805022,-19.653301186266262,20.090238894311454
desig_density,DESIGCommunity Nature Reserve,4.547151077909385,13.346976933958677,0.34068771530878134,0.7336271113028614,-21.74072974072469,30.835031896543455
desig_density,DESIGForest Reserve,9.165498513582572,10.879643378817594,0.8424447561790103,0.4003507506556996,-12.262782205470904,30.593779232636045
desig_density,DESIGMarine National Park,-0.21846885402259322,25.22341551555007,-0.008661350953359532,0.9930962914261043,-49.8978939547447,49.46095624669951
desig_density,DESIGMarine National Reserve,-0.01781460935251924,21.402777786877717,-8.323503392836035e-4,0.9993365497281738,-42.17220465835626,42.13657543965122
desig_density,DESIGNational Park,0.23514310665845126,13.954886411609824,0.016850234371153534,0.9865696423627004,-27.250061418765874,27.720347632082778
desig_density,DESIGNational Reserve,1.8879647831163493,13.247986863541868,0.14250956032512244,0.886793238400956,-24.204947602874043,27.98087716910674
desig_density,DESIGNational Sanctuary,7.894553971728271,23.007294806315574,0.34313264719680087,0.7317893567384065,-37.420053734588976,53.20916167804552
desig_density,DESIGNot Reported,-0.21846885402260027,23.00729480631556,-0.009495634139596022,0.9924313279756999,-45.53307656033982,45.096138852294615
desig_density,DESIGPrivate Ranch,1.4841362261792423,25.22341551555005,0.058839621670756015,0.9531272330561433,-48.195288874542825,51.163561326901316
desig_density,"DESIGRamsar Site, Wetland of International Importance",0.01298024795373346,28.537037049170266,4.5485619026838916e-4,0.9996374429451509,-56.19287315071787,56.21883364662534
desig_density,DESIGWorld Heritage Site (natural or mixed),-0.11243891872207912,28.537037049170273,-0.003940104872427473,0.9968594268093338,-56.3182923173937,56.093414479949544
fh_rainfall,(Intercept),735.7454477413573,31.311059732238697,23.49794143134077,4.4864873122356184e-18,671.1225965969408,800.3682988857739
fh_rainfall,farmer_herder_events,1.5796482760752315,0.6576600805066628,2.401922091513091,0.024406951650850953,0.2223045818773588,2.9369919702731044
